,player,pagerank
0,k181,0.000810754
1,s351,0.000965134
2,c243,0.001219736
3,l206,0.001241889
4,s367,0.00064336
5,a031,0.000531029
6,s424,0.002739366
7,k030,0.000671135
8,h223,0.000985939
9,g182,0.001850917
10,b051,0.00065363
11,w136,0.001236351
12,s331,0.000930702
13,z006,8.73E-05
14,r023,0.000241811
15,w035,0.001027209
16,b028,0.001070845
17,m093,0.000872454
18,s055,0.00062081
19,b350,0.001940446
20,f028,0.000463596
21,f031,0.000591115
22,k016,0.000456225
23,r186,0.000966717
24,s443,0.001251013
25,p014,9.37E-05
26,p004,0.000272161
27,r193,0.000130292
28,c028,0.0008466
29,j008,0.000118837
30,e106,0.001265575
31,k021,6.52E-05
32,f164,0.001411295
33,j084,0.000608742
34,b040,0.000419926
35,c009,0.001135541
36,k024,0.000197177
37,h029,0.000279386
38,p198,0.000648867
39,s102,0.000114193
40,v002,0.000186073
41,m035,0.000484027
42,z045,0.000330496
43,a028,0.000529978
44,s015,0.002315049
45,m048,0.000637786
46,w011,0.000601418
47,o076,0.001102349
48,c260,0.001278386
49,v037,0.001972896
50,h228,0.000408395
51,n025,0.001121076
52,e025,0.000118065
53,g212,5.61E-05
54,c113,0.000240416
55,c024,4.31E-05
56,s321,0.001288217
57,s380,0.000808649
58,w124,0.001404956
59,d022,0.000287109
60,b037,0.000211369
61,c252,0.002137195
62,f192,0.001404624
63,v141,0.000730459
64,s014,0.001120706
65,c031,0.001316614
66,c046,0.000324174
67,y017,0.00070047
68,a199,0.001142722
69,e061,0.000170186
70,g055,4.31E-05
71,f035,0.00105732
72,r043,0.00047556
73,c001,0.000166451
74,j004,0.000249872
75,a163,0.000184836
76,h025,0.001445643
77,k023,0.00069802
78,k214,0.001364294
79,m012,0.00076915
80,m030,0.000815908
81,l018,0.001186688
82,s101,0.00074525
83,d004,0.000118564
84,b281,4.98E-05
85,w123,0.000922177
86,r214,0.002266044
87,k148,0.001267626
88,s080,0.000423575
89,e004,0.001546048
90,p050,0.000402513
91,c270,0.00036518
92,f196,0.002078872
93,s381,0.001697697
94,w023,0.000323622
95,c023,0.000321316
96,i034,0.001480368
97,g016,0.000935465
98,l010,0.000110661
99,m031,0.000309964
100,w029,0.000531211
101,w133,0.000851579
102,v014,0.000322981
103,j006,0.000623131
104,w001,9.06E-05
105,d198,0.001189432
106,l044,0.000205247
107,m197,0.000751947
108,s288,0.000437786
109,s021,0.000214415
110,b021,0.000344233
111,y002,0.000206405
112,g053,0.000391904
113,p226,0.001335605
114,p021,0.000162511
115,c011,5.11E-05
116,d049,4.31E-05
117,c246,4.75E-05
118,k133,6.61E-05
119,f041,0.000946684
120,l043,4.31E-05
121,d036,4.31E-05
122,m408,0.000306608
123,m096,0.00016128
124,p012,0.000432518
125,l009,0.000144696
126,a188,4.31E-05
127,p052,4.95E-05
128,t136,0.001811438
129,c012,0.000294779
130,a141,0.000461996
131,p037,0.000142184
132,d210,4.63E-05
133,j018,0.000225223
134,k150,8.03E-05
135,b293,0.000599349
136,r036,0.000369208
137,m338,0.000785237
138,w038,0.000489833
139,g108,0.00037582
140,g196,0.000307321
141,h191,0.000354568
142,m028,0.000116843
143,m412,0.000600776
144,a035,0.000400347
145,m443,0.001400143
146,a149,4.81E-05
147,f165,0.000886919
148,d008,0.000550569
149,m059,0.000287109
150,m092,8.86E-05
151,s410,0.000288827
152,b074,9.60E-05
153,r012,4.64E-05
154,d015,0.001118006
155,a018,4.31E-05
156,p045,0.000890087
157,t032,4.31E-05
158,c018,0.000140018
159,d044,4.31E-05
160,n109,0.000977179
161,s389,4.31E-05
162,c274,0.002185873
163,m063,0.000330744
164,r204,4.31E-05
165,a006,0.000797956
166,a092,0.002129412
167,c057,0.000392542
168,g022,0.000172533
169,m047,0.000670952
170,g023,0.000458394
171,m041,9.60E-05
172,d177,6.36E-05
173,c216,0.001054438
174,g039,0.000772744
175,l013,5.10E-05
176,c029,4.31E-05
177,o098,0.001183707
178,b053,0.00176323
179,a007,0.000181692
180,l014,0.000216484
181,s402,0.002054694
182,s072,5.25E-05
183,s406,0.000685783
184,s291,4.40E-05
185,m099,0.002750909
186,a034,0.001079095
187,r016,0.001554677
188,p218,0.00056845
189,m442,0.001554693
190,r032,4.31E-05
191,f029,4.47E-05
192,c044,0.000293811
193,n018,7.81E-05
194,p032,6.53E-05
195,f206,0.000155744
196,s328,8.31E-05
197,e113,0.001708894
198,h155,4.31E-05
199,o009,0.000900415
200,p235,0.000535155
201,t010,4.31E-05
202,w144,5.08E-05
203,b397,0.001534179
204,b401,0.000433323
205,r224,0.000469446
206,d024,5.66E-05
207,p190,0.00074526
208,w177,0.000174921
209,d006,0.000529134
210,r177,0.000897099
211,s065,4.31E-05
212,h285,4.31E-05
213,b035,5.66E-05
214,c336,5.49E-05
215,b168,0.000130836
216,m064,8.64E-05
217,h251,0.000424342
218,b113,7.88E-05
219,b298,0.000167657
220,s405,0.000104077
221,w003,4.31E-05
222,m004,4.31E-05
223,m032,0.000304401
224,m383,4.60E-05
225,a040,0.000277301
226,l202,0.00050629
227,c179,0.001105765
228,a158,4.31E-05
229,m372,0.000574954
230,s348,4.31E-05
231,t111,4.31E-05
232,a176,0.000278972
233,y011,4.31E-05
234,m461,4.31E-05
235,f139,4.31E-05
236,b305,0.000489941
237,o015,0.000368456
238,c321,0.000287109
239,m353,4.52E-05
240,d051,6.77E-05
241,j096,4.53E-05
242,k215,4.31E-05
243,w122,0.000428294
244,s459,0.00028817
245,p254,0.000147007
246,b058,4.31E-05
247,r203,0.000361965
248,g231,0.000138759
249,p269,0.000479251
250,c276,4.78E-05
251,r035,4.31E-05
252,d170,5.35E-05
253,v036,4.31E-05
254,m475,0.001480879
255,p024,0.000167756
256,o018,7.51E-05
257,v034,4.31E-05
258,n022,6.18E-05
259,h232,0.000287109
260,m069,0.000267929
261,c035,8.66E-05
262,g200,5.00E-05
263,f200,0.000508919
264,s427,0.000158632
265,f014,4.31E-05
266,c013,6.34E-05
267,m440,8.16E-05
268,r247,4.31E-05
269,m401,4.86E-05
270,r216,7.90E-05
271,n112,0.000217519
272,i003,5.87E-05
273,b084,4.31E-05
274,s387,4.31E-05
275,v098,4.80E-05
276,g254,0.001362949
277,m382,4.31E-05
278,k172,5.90E-05
279,s404,0.000156686
280,l008,8.45E-05
281,b322,0.00010073
282,n013,6.27E-05
283,t135,0.00019656
284,r029,4.31E-05
285,k022,7.25E-05
286,n117,0.000415018
287,p222,0.000283196
288,p048,0.000547926
289,o086,0.000353085
290,w150,0.000422954
291,v055,6.13E-05
292,b446,0.001979569
293,g028,0.000833929
294,s329,4.31E-05
295,h274,4.79E-05
296,j085,0.000122005
297,r254,0.000134556
298,p233,0.000301082
299,s403,0.001411978
300,a027,4.98E-05
301,e116,5.33E-05
302,m172,4.31E-05
303,g174,0.000310801
304,m399,0.000843413
305,s429,4.31E-05
306,n104,4.31E-05
307,k202,0.000145752
308,s377,6.18E-05
309,k171,0.000187144
310,r042,4.31E-05
311,s034,4.31E-05
312,b434,4.42E-05
313,t125,0.000128405
314,l226,0.000878324
315,a169,4.31E-05
316,z039,7.24E-05
317,w026,0.000130224
318,m435,5.12E-05
319,b317,0.000303705
320,w165,4.31E-05
321,g250,0.000110647
322,k067,8.72E-05
323,p206,5.61E-05
324,n110,0.000147789
325,s358,4.31E-05
326,a181,5.53E-05
327,n034,4.31E-05
328,z037,5.32E-05
329,v139,8.17E-05
330,r006,4.31E-05
331,r200,4.64E-05
332,v032,4.49E-05
333,k237,0.001318253
334,t178,4.31E-05
335,v151,0.000143978
336,k234,4.31E-05
337,t161,4.31E-05
338,k156,0.000119486
339,n201,5.47E-05
340,f174,7.39E-05
341,o099,0.000483843
342,a224,4.55E-05
343,a177,9.17E-05
344,s454,0.000543546
345,n102,4.31E-05
346,j100,0.000611039
347,c311,4.31E-05
348,w155,4.31E-05
349,m451,4.31E-05
350,b439,5.06E-05
351,p213,8.99E-05
352,s340,0.000149765
353,d214,0.001220855
354,a042,6.53E-05
355,a005,4.98E-05
356,d002,0.000290983
357,z032,0.000165088
358,k185,4.31E-05
359,f204,0.000135003
360,d098,5.25E-05
361,f232,4.31E-05
362,k010,4.31E-05
363,h027,4.31E-05
364,o006,4.31E-05
365,c008,4.31E-05
366,s352,4.31E-05
367,m481,4.62E-05
368,a183,0.000266308
369,g304,8.99E-05
370,c278,4.87E-05
371,r255,0.001046207
372,r173,4.31E-05
373,s452,4.31E-05
374,y003,0.000117897
375,k190,0.000954363
376,b025,4.31E-05
377,t124,4.31E-05
378,v136,5.16E-05
379,k001,4.31E-05
380,d227,5.73E-05
381,v167,0.00024483
382,n107,0.000290922
383,w121,7.84E-05
384,p018,4.31E-05
385,s496,4.53E-05
386,w142,4.31E-05
387,t112,4.59E-05
388,t171,4.31E-05
389,k068,4.62E-05
390,n210,0.000498282
391,b267,8.37E-05
392,s079,8.49E-05
393,k183,7.79E-05
394,s439,4.31E-05
395,s330,4.31E-05
396,l030,0.000179305
397,f236,4.97E-05
398,g287,4.59E-05
399,c268,4.31E-05
400,r170,5.18E-05
401,b351,4.31E-05
402,e117,4.31E-05
403,m448,0.000313264
404,d191,5.94E-05
405,p273,0.001142036
406,g252,0.000898495
407,d265,6.54E-05
408,c328,0.002228127
409,d190,7.64E-05
410,b302,4.62E-05
411,r236,0.000135383
412,b428,0.001183696
413,e121,0.001624979
414,a203,0.0010467
415,m463,4.49E-05
416,m406,4.97E-05
417,u024,0.000270446
418,b407,4.93E-05
419,m105,4.54E-05
420,m411,6.34E-05
421,d211,4.31E-05
422,k219,5.22E-05
423,g288,0.000120909
424,b075,4.31E-05
425,g257,4.31E-05
426,b429,0.000785938
427,c344,0.001533493
428,v161,0.000473378
429,v154,4.80E-05
430,r237,0.001340161
431,b043,4.31E-05
432,t166,0.000678665
433,k223,4.95E-05
434,s551,4.31E-05
435,p280,0.001456756
436,v028,4.31E-05
437,p200,4.31E-05
438,d012,4.31E-05
439,n113,4.31E-05
440,p173,5.21E-05
441,m420,4.31E-05
442,r280,0.000886435
443,s315,0.00077658
444,m323,5.83E-05
445,p176,4.58E-05
446,w171,0.00022119
447,s559,0.000165364
448,r266,0.000174969
449,f222,5.07E-05
450,r194,4.42E-05
451,k193,5.00E-05
452,w151,4.31E-05
453,b438,4.72E-05
454,k263,0.000383472
455,s442,4.37E-05
456,r219,0.000833424
457,m006,4.31E-05
458,r184,4.31E-05
459,c289,4.31E-05
460,m370,4.31E-05
461,m459,4.31E-05
462,w134,0.000156675
463,k267,0.001867063
464,n101,0.000320582
465,s360,0.000124414
466,j082,4.31E-05
467,k244,8.25E-05
468,f185,0.000181514
469,b394,4.31E-05
470,m515,5.48E-05
471,a207,4.31E-05
472,v114,4.31E-05
473,g236,4.43E-05
474,s516,4.31E-05
475,b001,4.31E-05
476,k201,4.31E-05
477,c368,4.31E-05
478,f219,4.31E-05
479,b308,5.19E-05
480,g239,9.19E-05
481,g063,7.97E-05
482,v137,4.31E-05
483,r284,0.000294115
484,r243,9.84E-05
485,k238,4.31E-05
486,k266,9.07E-05
487,c377,4.31E-05
488,c392,4.31E-05
489,s390,4.31E-05
490,c364,4.31E-05
491,n233,0.000379111
492,l280,4.31E-05
493,p275,4.31E-05
494,s276,4.73E-05
495,n250,0.001194949
496,r272,4.31E-05
497,c250,0.000110879
498,b473,4.31E-05
499,a022,4.31E-05
500,p208,4.98E-05
501,m221,5.21E-05
502,g235,0.000171472
503,r271,4.31E-05
504,r273,0.00045499
505,m085,4.57E-05
506,s537,4.31E-05
507,t195,0.000346778
508,j009,0.000184495
509,n204,4.31E-05
510,m407,4.31E-05
511,h284,0.000325834
512,f191,0.000170205
513,m130,0.000287109
514,d166,4.31E-05
515,s560,4.31E-05
516,l041,4.31E-05
517,k162,4.59E-05
518,r240,4.77E-05
519,c034,4.55E-05
520,c299,4.31E-05
521,b499,0.000243002
522,d249,0.000490467
523,a136,4.31E-05
524,s544,0.001705839
525,r330,4.31E-05
526,d228,0.000528416
527,u020,5.75E-05
528,a190,0.000677652
529,m531,0.00050206
530,c383,0.000171074
531,c378,0.000927773
532,s507,0.000303898
533,a209,4.31E-05
534,s579,4.31E-05
535,w019,4.31E-05
536,x002,4.31E-05
537,c308,9.63E-05
538,y033,9.92E-05
539,s523,0.000109577
540,d207,5.24E-05
541,e022,4.31E-05
542,m467,4.31E-05
543,e140,0.000443211
544,v147,5.73E-05
545,k154,5.56E-05
546,a172,4.31E-05
547,t168,0.000375192
548,m549,4.46E-05
549,h256,0.000738622
550,e122,0.000167861
551,g292,6.47E-05
552,n251,4.31E-05
553,m480,4.98E-05
554,c251,4.31E-05
555,j036,4.31E-05
556,l273,4.31E-05
557,n099,0.000266224
558,g226,4.31E-05
559,h344,4.31E-05
560,r317,4.31E-05
561,s601,6.40E-05
562,k240,4.69E-05
563,w200,0.000302744
564,f263,4.31E-05
565,b461,4.31E-05
566,n254,0.000880938
567,s552,0.000855787
568,u032,0.000964343
569,p272,0.000173511
570,p305,0.001536508
571,s545,0.000642746
572,w212,0.000521383
573,b080,4.31E-05
574,g333,0.000510251
575,b324,4.31E-05
576,s277,4.31E-05
577,s535,0.000617117
578,p279,4.31E-05
579,c338,4.31E-05
580,e007,4.31E-05
581,j129,0.000912985
582,j098,6.65E-05
583,e135,0.000288354
584,b440,0.000102175
585,d213,4.31E-05
586,i054,0.000113049
587,p263,7.18E-05
588,b403,6.52E-05
589,k243,4.31E-05
590,g297,0.000469797
591,t156,5.84E-05
592,r285,0.000278214
593,v175,0.000160379
594,b484,0.000727339
595,d279,4.37E-05
596,c375,0.000312431
597,w153,4.31E-05
598,a213,4.31E-05
599,h261,4.31E-05
600,l229,7.99E-05
601,b400,4.31E-05
602,p338,0.001161636
603,c408,4.31E-05
604,o102,4.75E-05
605,w161,9.84E-05
606,l275,4.31E-05
607,c329,4.93E-05
608,e138,0.000678018
609,m513,0.000218562
610,p277,4.31E-05
611,t200,4.65E-05
612,a226,0.000692792
613,g319,0.000995607
614,r286,0.001400342
615,m445,4.80E-05
616,n238,5.38E-05
617,h336,0.001249177
618,t170,4.31E-05
619,y034,4.31E-05
620,m564,0.000332969
621,h013,4.31E-05
622,k260,0.000457116
623,b342,4.31E-05
624,e146,4.79E-05
625,g216,4.98E-05
626,v166,0.000968209
627,g334,6.03E-05
628,m510,0.000316223
629,s480,0.001097879
630,l217,4.31E-05
631,s572,0.000846553
632,k178,4.31E-05
633,s649,6.57E-05
634,n219,4.31E-05
635,h364,0.000309274
636,k310,0.001493074
637,c387,0.000119696
638,g267,4.31E-05
639,k205,4.41E-05
640,m551,0.000307292
641,l075,5.49E-05
642,b523,4.49E-05
643,h369,4.31E-05
644,m482,4.31E-05
645,l249,4.79E-05
646,k290,4.76E-05
647,c361,0.000421645
648,c355,0.000229105
649,o127,0.000254957
650,m535,0.001516996
651,g247,0.000378049
652,v170,0.00032099
653,l231,0.000364447
654,m471,5.41E-05
655,n241,4.31E-05
656,m576,4.49E-05
657,g300,0.000189606
658,e111,4.31E-05
659,t133,0.000102644
660,r159,0.000166549
661,b323,4.44E-05
662,c261,4.31E-05
663,m506,6.34E-05
664,b334,4.54E-05
665,p350,4.39E-05
666,d291,0.000245346
667,b518,0.001401134
668,m609,4.31E-05
669,e143,0.000176403
670,c455,4.31E-05
671,k316,0.001130874
672,j125,4.31E-05
673,e152,0.000127304
674,w186,4.31E-05
675,c371,4.31E-05
676,g301,4.31E-05
677,s548,0.000289447
678,r251,9.35E-05
679,s568,0.000595829
680,b516,0.000112367
681,c124,4.31E-05
682,s626,4.90E-05
683,s492,4.31E-05
684,k296,0.000396246
685,d270,0.000409127
686,i052,0.000566571
687,s564,0.000165183
688,c304,4.31E-05
689,h346,0.000562162
690,s466,4.31E-05
691,p319,4.31E-05
692,n228,4.31E-05
693,j093,4.87E-05
694,h234,4.31E-05
695,m570,0.000236855
696,n243,4.42E-05
697,s550,0.00019721
698,s670,4.31E-05
699,c369,0.000115874
700,l311,0.000377977
701,w201,4.31E-05
702,b455,4.95E-05
703,c372,4.37E-05
704,m640,9.51E-05
705,g285,7.20E-05
706,c314,5.39E-05
707,m605,0.001752818
708,w224,0.000285724
709,k245,4.31E-05
710,b347,0.000104077
711,b414,4.31E-05
712,b570,0.000226091
713,p357,4.31E-05
714,h253,4.31E-05
715,f278,0.000241474
716,m507,4.31E-05
717,b435,4.88E-05
718,g303,4.31E-05
719,h335,4.31E-05
720,h249,4.31E-05
721,w214,4.73E-05
722,i047,0.000119345
723,t231,4.38E-05
724,b390,4.49E-05
725,z073,0.001521606
726,v207,0.001161698
727,m555,4.31E-05
728,g317,4.31E-05
729,g352,0.000980648
730,n100,4.31E-05
731,b023,4.31E-05
732,o128,4.31E-05
733,p342,4.31E-05
734,g354,0.000554999
735,b471,0.000289501
736,h320,4.31E-05
737,l290,0.001728696
738,c259,4.31E-05
739,f235,4.31E-05
740,v192,4.31E-05
741,l353,4.39E-05
742,s636,0.00172097
743,h351,4.64E-05
744,v211,0.000309028
745,k346,4.31E-05
746,h297,4.42E-05
747,r348,4.31E-05
748,w178,4.31E-05
749,l257,7.38E-05
750,b510,5.53E-05
751,w195,4.31E-05
752,m584,4.31E-05
753,c400,0.000259716
754,w255,4.31E-05
755,v201,0.000261993
756,a241,4.31E-05
757,m614,0.001290439
758,s674,4.31E-05
759,t255,4.31E-05
760,m548,5.39E-05
761,m578,0.000875316
762,a202,0.00105053
763,h387,4.31E-05
764,p359,4.31E-05
765,k281,4.31E-05
766,t206,6.06E-05
767,v195,0.000773343
768,s614,4.46E-05
769,m590,0.002196795
770,a272,0.000428337
771,l298,4.31E-05
772,h329,4.31E-05
773,t243,0.00022869
774,k293,0.001132609
775,m511,4.57E-05
776,t207,4.31E-05
777,s585,4.72E-05
778,s413,0.000178324
779,a244,4.31E-05
780,h340,0.000101786
781,l333,0.000173089
782,w254,0.000588623
783,s693,0.00041045
784,m595,0.000621495
785,l227,4.40E-05
786,m607,4.56E-05
787,n230,4.86E-05
788,j148,6.80E-05
789,r364,0.000669147
790,s630,0.000165088
791,z059,4.42E-05
792,h331,0.000287109
793,c500,4.31E-05
794,t212,4.31E-05
795,s600,9.11E-05
796,d272,0.000633913
797,c407,4.60E-05
798,h355,0.00126905
799,w217,7.67E-05
800,l360,0.001612069
801,p327,4.31E-05
802,w208,5.96E-05
803,c433,0.000746621
804,r338,4.31E-05
805,v176,4.49E-05
806,d316,0.000824559
807,k358,0.001231361
808,a228,0.000256786
809,d253,4.45E-05
810,d276,4.31E-05
811,m545,4.31E-05
812,h377,0.001675259
813,m600,6.80E-05
814,p324,0.000303904
815,t199,6.82E-05
816,m543,0.000123364
817,a270,4.66E-05
818,s478,4.31E-05
819,b503,0.001729721
820,s519,0.000126377
821,d226,4.31E-05
822,h432,0.001132386
823,m632,4.31E-05
824,g386,4.52E-05
825,b517,4.97E-05
826,c487,0.001355302
827,g379,0.001292537
828,h419,4.31E-05
829,l327,4.75E-05
830,s688,0.000142014
831,b644,4.31E-05
832,c469,4.31E-05
833,c439,7.84E-05
834,e159,7.12E-05
835,r357,4.31E-05
836,n260,4.31E-05
837,c457,7.10E-05
838,f256,4.31E-05
839,t235,4.31E-05
840,s494,4.31E-05
841,e155,5.99E-05
842,s465,8.02E-05
843,n259,5.15E-05
844,p289,4.31E-05
845,m478,7.53E-05
846,s713,4.84E-05
847,d289,6.70E-05
848,d295,4.31E-05
849,w220,4.31E-05
850,s751,4.39E-05
851,t236,4.31E-05
852,a280,4.31E-05
853,h380,0.000346492
854,s765,6.26E-05
855,m343,4.31E-05
856,c499,4.31E-05
857,k379,0.000131871
858,e141,0.000133272
859,b588,9.60E-05
860,c366,4.83E-05
861,k313,7.35E-05
862,n291,0.000377076
863,g328,4.31E-05
864,b589,0.00037417
865,k297,6.33E-05
866,r367,4.31E-05
867,l342,4.31E-05
868,c488,4.31E-05
869,s677,0.000472608
870,f291,4.31E-05
871,m745,4.31E-05
872,b545,0.000168133
873,t228,0.000361404
874,l314,4.31E-05
875,s675,0.000819882
876,k349,4.51E-05
877,h288,4.31E-05
878,s604,0.001130404
879,o109,4.31E-05
880,r294,4.31E-05
881,s741,0.001275204
882,p372,0.000490109
883,g375,7.75E-05
884,m655,0.001717668
885,b479,4.31E-05
886,n267,4.68E-05
887,s672,4.31E-05
888,d206,4.39E-05
889,s637,0.000124414
890,d357,0.000367182
891,b562,0.00011449
892,i069,4.31E-05
893,m680,0.00104835
894,m701,4.31E-05
895,p386,4.31E-05
896,s608,0.000184608
897,w272,0.000602084
898,p436,0.002016928
899,w270,4.31E-05
900,h391,4.31E-05
901,l397,0.001452439
902,f290,4.63E-05
903,h390,0.000624439
904,n256,4.31E-05
905,v205,0.001517195
906,s676,0.000179753
907,b599,0.000320886
908,p389,4.64E-05
909,v250,0.00035538
910,f324,0.001815169
911,b676,0.001652946
912,r350,4.31E-05
913,k257,0.000744319
914,h354,4.31E-05
915,h379,0.000165088
916,b663,4.31E-05
917,d362,0.000697411
918,u030,6.95E-05
919,c447,0.000287109
920,c430,4.31E-05
921,v232,0.00023786
922,r368,0.001365982
923,h322,9.97E-05
924,a234,4.31E-05
925,l336,0.001095901
926,m573,4.31E-05
927,p505,4.31E-05
928,z074,0.000373376
929,r365,4.31E-05
930,k308,5.36E-05
931,g347,4.31E-05
932,h366,0.000142394
933,p353,9.09E-05
934,l395,0.000463244
935,y039,4.31E-05
936,z090,4.31E-05
937,s694,0.001499848
938,b487,0.000125608
939,s699,4.31E-05
940,m588,4.56E-05
941,k317,0.00012261
942,b645,4.41E-05
943,s673,0.000355864
944,s681,0.000517813
945,k284,4.83E-05
946,p500,4.31E-05
947,k403,0.001076414
948,h349,4.77E-05
949,p491,0.000328108
950,l408,4.31E-05
951,a276,5.44E-05
952,f316,0.001213259
953,g374,0.001474564
954,w238,4.48E-05
955,f292,5.85E-05
956,l499,4.31E-05
957,r419,0.001475079
958,c397,4.31E-05
959,c463,4.84E-05
960,m601,4.31E-05
961,l439,0.000734418
962,s605,4.31E-05
963,l292,0.000292856
964,r336,0.001062866
965,c478,0.001171454
966,m468,4.31E-05
967,l386,0.000848827
968,m538,4.31E-05
969,p398,7.68E-05
970,s648,0.000107206
971,a308,4.31E-05
972,m674,4.31E-05
973,z072,0.001207976
974,s631,4.31E-05
975,o151,5.18E-05
976,k306,4.31E-05
977,b619,5.28E-05
978,c514,0.00109456
979,t209,0.000409296
980,k409,0.001341167
981,z104,0.000688244
982,b692,4.31E-05
983,l334,4.97E-05
984,g464,4.31E-05
985,b607,4.31E-05
986,m805,0.000150356
987,o133,0.000859869
988,g415,0.000823287
989,o165,4.31E-05
990,t213,0.00040913
991,p395,0.000215414
992,w291,0.000295689
993,z096,4.53E-05
994,m762,0.001510043
995,m760,0.001974898
996,d359,4.31E-05
997,y061,0.00148302
998,l335,4.46E-05
999,p387,5.35E-05
1000,b681,5.57E-05
1001,r399,4.53E-05
1002,k397,4.31E-05
1003,i062,4.31E-05
1004,l428,0.000634391
1005,k319,0.000553706
1006,r485,0.00109893
1007,g414,0.000139836
1008,g478,4.31E-05
1009,f339,0.000995331
1010,n301,0.000807931
1011,h507,4.31E-05
1012,w247,4.68E-05
1013,c476,7.75E-05
1014,c524,0.000671227
1015,g353,4.31E-05
1016,f312,4.31E-05
1017,a311,0.000625999
1018,g400,5.55E-05
1019,m873,0.001530187
1020,p487,0.000262398
1021,w242,4.31E-05
1022,r397,0.000987767
1023,j194,0.000275763
1024,f403,4.31E-05
1025,d402,0.001407494
1026,r388,0.000108296
1027,h442,0.001991007
1028,v226,4.31E-05
1029,p616,4.31E-05
1030,m850,0.002917446
1031,f345,4.31E-05
1032,c522,5.13E-05
1033,s721,0.000175693
1034,h437,4.31E-05
1035,p469,4.31E-05
1036,c608,4.31E-05
1037,t261,4.90E-05
1038,f299,0.000361175
1039,o145,4.31E-05
1040,m864,4.31E-05
1041,m711,4.31E-05
1042,g446,4.31E-05
1043,c627,0.000168679
1044,f309,4.31E-05
1045,f360,4.41E-05
1046,n289,0.001535234
1047,j233,5.76E-05
1048,f329,4.31E-05
1049,s809,0.001477258
1050,b585,4.31E-05
1051,p485,4.31E-05
1052,s772,0.000165088
1053,h365,4.47E-05
1054,s709,4.78E-05
1055,k307,4.31E-05
1056,a318,4.31E-05
1057,a389,0.000592824
1058,t315,0.001447936
1059,a499,0.000287109
1060,s876,0.00046144
1061,g569,0.001621727
1062,b670,4.31E-05
1063,v220,0.000472653
1064,m824,0.001637664
1065,t724,4.31E-05
1066,c445,0.001949744
1067,m611,4.31E-05
1068,v254,0.002003962
1069,t240,4.57E-05
1070,g372,0.000472235
1071,e169,0.000399143
1072,a293,0.000889062
1073,h448,4.40E-05
1074,v296,0.000135507
1075,r421,6.22E-05
1076,l480,0.00034942
1077,t264,0.000465651
1078,p467,0.001007989
1079,c556,5.04E-05
1080,p535,4.31E-05
1081,f337,0.000300037
1082,b660,5.01E-05
1083,d351,0.001302887
1084,b842,0.002181327
1085,r383,0.002121662
1086,m708,0.001198447
1087,a410,0.000227764
1088,k336,0.00124679
1089,t277,0.000314285
1090,j203,4.31E-05
1091,g401,4.31E-05
1092,u043,0.00106153
1093,k457,0.000115563
1094,z084,4.31E-05
1095,b747,0.00064455
1096,e180,0.001312373
1097,sa49,0.000491384
1098,d370,4.31E-05
1099,w365,4.31E-05
1100,r583,9.39E-05
1101,p488,0.001026856
1102,g512,0.000631532
1103,g436,0.001401536
1104,a356,0.00060254
1105,s877,0.000328311
1106,d339,0.000187854
1107,h563,0.00020443
1108,o117,4.31E-05
1109,m714,6.92E-05
1110,m854,8.12E-05
1111,a385,0.000800488
1112,f401,0.001326754
1113,m663,4.31E-05
1114,v306,0.001323442
1115,g628,0.001333924
1116,p524,4.43E-05
1117,n409,0.001311664
1118,a467,4.31E-05
1119,k435,0.000985667
1120,a404,4.31E-05
1121,h385,4.95E-05
1122,m783,9.36E-05
1123,v258,0.000284597
1124,v206,4.55E-05
1125,b929,0.000587868
1126,m759,0.0006752
1127,c493,0.000297719
1128,ma30,0.000707217
1129,b804,0.000467809
1130,w300,0.0004244
1131,g483,0.00059474
1132,m820,5.61E-05
1133,e160,0.000371656
1134,v303,0.000214601
1135,f313,0.000405152
1136,p567,0.001057008
1137,h528,0.001584612
1138,t269,5.16E-05
1139,k612,4.31E-05
1140,d239,4.31E-05
1141,n314,4.31E-05
1142,d499,0.000920146
1143,a310,4.31E-05
1144,ba23,0.00016258
1145,r548,0.003133035
1146,s949,4.31E-05
1147,h421,4.31E-05
1148,b699,4.56E-05
1149,l504,4.31E-05
1150,s773,0.000137972
1151,a487,0.000636363
1152,a391,9.70E-05
1153,b841,4.31E-05
1154,v309,0.000617039
1155,s963,0.00167864
1156,b757,0.001079552
1157,k448,0.001196528
1158,r615,4.31E-05
1159,d526,0.000165088
1160,l515,0.00084099
1161,h596,4.31E-05
1162,p519,0.000387229
1163,g510,4.31E-05
1164,n390,0.001165145
1165,d361,0.000173525
1166,n415,4.31E-05
1167,l430,0.000780459
1168,g404,4.31E-05
1169,h472,0.00080613
1170,l341,4.31E-05
1171,r630,5.83E-05
1172,g476,0.001077764
1173,d347,4.31E-05
1174,k696,4.31E-05
1175,s813,0.000614733
1176,d424,0.001949888
1177,m983,0.000459627
1178,l546,4.31E-05
1179,p624,0.00128403
1180,m747,0.000755652
1181,h210,4.45E-05
1182,m776,0.001465018
1183,b977,0.000387355
1184,w367,0.000831979
1185,l523,0.000938372
1186,g621,0.001214654
1187,ba65,0.001640867
1188,l391,5.15E-05
1189,s843,0.001092769
1190,g511,0.000395145
1191,d438,0.000834931
1192,t742,0.000651965
1193,r483,0.001222968
1194,l517,4.31E-05
1195,bb02,4.31E-05
1196,a316,4.31E-05
1197,mb27,0.000164984
1198,k551,0.00043435
1199,n277,4.31E-05
1200,v247,0.000195271
1201,sa93,0.000787251
1202,t760,5.15E-05
1203,k371,0.00069034
1204,y100,0.000165088
1205,f364,0.00010623
1206,m844,4.54E-05
1207,u057,4.31E-05
1208,c805,4.31E-05
1209,ba47,0.001184864
1210,a511,0.001242269
1211,ma36,0.000287109
1212,f433,0.000185514
1213,q017,0.000653173
1214,c634,0.001389917
1215,c582,0.001911366
1216,r519,0.00017296
1217,v239,4.48E-05
1218,a479,0.000937304
1219,t332,4.61E-05
1220,a340,0.000335882
1221,d330,0.000519323
1222,z151,0.000190257
1223,s799,0.000374304
1224,i063,0.000304303
1225,d519,4.31E-05
1226,m699,4.31E-05
1227,r704,8.83E-05
1228,mb02,0.000619226
1229,b752,0.000672113
1230,h469,0.000113673
1231,ma21,0.000933099
1232,c585,0.000218991
1233,b478,4.31E-05
1234,g531,0.000255039
1235,p452,4.31E-05
1236,m812,0.000267757
1237,e254,0.001388946
1238,t771,0.000207986
1239,r612,0.001194007
1240,o234,0.000922071
1241,f344,0.000253721
1242,m934,4.31E-05
1243,b975,4.31E-05
1244,d469,0.000854846
1245,v256,0.000112539
1246,p642,0.000782331
1247,k436,0.000656576
1248,v251,0.000792108
1249,v339,0.001185854
1250,z163,5.93E-05
1251,s842,0.000204222
1252,j164,0.000380716
1253,f444,0.002156779
1254,h435,0.000326421
1255,b678,0.002415192
1256,f436,0.000126626
1257,l575,0.001351225
1258,q019,0.001319311
1259,f323,4.31E-05
1260,w373,0.001001586
1261,n309,0.001414089
1262,h382,4.31E-05
1263,e639,0.000521296
1264,g681,0.001732925
1265,v267,5.85E-05
1266,p701,0.003314602
1267,v457,5.45E-05
1268,c768,5.62E-05
1269,ba86,0.000828872
1270,r758,8.64E-05
1271,r613,0.001876928
1272,k737,0.001852151
1273,ma41,0.00114719
1274,g676,0.001889936
1275,d643,0.001248642
1276,k540,0.002399796
1277,b837,0.000765079
1278,o207,0.000584507
1279,y114,5.95E-05
1280,j290,0.000264368
1281,l660,4.83E-05
1282,t786,0.000896578
1283,h431,0.000264662
1284,i094,0.000124414
1285,p440,4.31E-05
1286,b898,4.31E-05
1287,w359,0.000273288
1288,k512,0.00111083
1289,mc65,0.000854839
1290,sd32,0.001451386
1291,sc77,0.00288179
1292,g426,4.31E-05
1293,r632,0.000264219
1294,k676,4.31E-05
1295,a618,4.31E-05
1296,j284,0.000130372
1297,b600,4.31E-05
1298,sc92,0.000104077
1299,n334,6.12E-05
1300,p518,4.31E-05
1301,h465,4.31E-05
1302,y124,0.002613666
1303,d677,4.31E-05
1304,t749,0.000125719
1305,f303,4.42E-05
1306,mc10,0.00105354
1307,ma49,0.000608038
1308,c750,4.31E-05
1309,s990,0.000168328
1310,m997,4.31E-05
1311,d487,0.000763883
1312,sc56,0.000515409
1313,b764,0.00145318
1314,g744,0.00028408
1315,r616,5.91E-05
1316,u045,4.31E-05
1317,k840,4.31E-05
1318,s818,4.53E-05
1319,p605,0.000295978
1320,o252,0.000297129
1321,w360,0.000342614
1322,k740,4.31E-05
1323,w387,0.000604043
1324,b884,0.000889672
1325,t836,4.31E-05
1326,ba57,0.001046508
1327,c977,0.001154979
1328,c660,0.000298224
1329,sd01,0.000756946
1330,sd56,0.000145817
1331,c924,4.31E-05
1332,s847,4.31E-05
1333,bc68,0.000196956
1334,m815,0.000610016
1335,g527,0.001000496
1336,c856,0.001134252
1337,c813,0.000783071
1338,f378,6.88E-05
1339,sc47,0.001772739
1340,d532,4.31E-05
1341,sc19,6.45E-05
1342,f510,0.000996882
1343,n437,0.001306389
1344,i198,4.31E-05
1345,k777,0.0002834
1346,l702,0.001691419
1347,e196,0.00029747
1348,j230,0.000236639
1349,l503,0.00072755
1350,u044,4.31E-05
1351,k688,0.000303885
1352,i165,0.0010145
1353,a305,0.00025457
1354,d683,0.000634953
1355,a457,0.000311967
1356,k760,0.001475283
1357,sd78,0.00126555
1358,w361,0.000363332
1359,q927,0.000750009
1360,m836,0.000594154
1361,v494,4.31E-05
1362,g602,0.000554251
1363,g551,0.000596261
1364,b946,0.000326073
1365,sc95,6.25E-05
1366,g710,0.001534562
1367,p597,4.31E-05
1368,g717,0.001141747
1369,ca12,0.001311989
1370,e698,0.000953418
1371,a303,6.75E-05
1372,l633,4.31E-05
1373,ba98,0.001969286
1374,p620,4.31E-05
1375,mb84,0.000219246
1376,h502,0.000252048
1377,b896,0.001124052
1378,ba53,0.000905433
1379,z168,0.003883922
1380,h756,0.001891024
1381,s944,0.002116441
1382,d385,0.000634572
1383,r883,4.31E-05
1384,k718,0.000311513
1385,l799,0.001104119
1386,d776,0.001470607
1387,sf36,0.000806334
1388,d632,0.001588471
1389,j214,0.00075581
1390,h804,0.000726512
1391,p634,4.31E-05
1392,se31,4.31E-05
1393,y070,0.000806615
1394,i097,4.63E-05
1395,bd05,6.05E-05
1396,c723,0.001745179
1397,pb13,0.000375852
1398,sg87,0.000986149
1399,d616,0.001093396
1400,v576,0.001061556
1401,pb22,0.001808398
1402,h571,0.000765954
1403,y105,4.31E-05
1404,a502,0.000394357
1405,d801,0.001236676
1406,a373,0.000548813
1407,w541,0.000165088
1408,sc03,4.95E-05
1409,c611,5.29E-05
1410,t840,0.001609943
1411,k776,0.001953743
1412,f580,0.001928787
1413,r782,0.000835254
1414,m902,0.000143907
1415,g858,0.000771676
1416,g725,0.001116978
1417,i090,0.000165088
1418,j263,0.001310747
1419,p595,4.31E-05
1420,sc68,4.31E-05
1421,p592,4.31E-05
1422,a596,0.001200963
1423,a536,0.000165088
1424,n558,0.000541762
1425,a656,0.000348814
1426,bc11,0.00120922
1427,mc81,0.000112793
1428,a503,0.000104077
1429,m915,0.001360132
1430,m744,6.53E-05
1431,h908,4.31E-05
1432,g806,0.002343692
1433,sa81,0.000149883
1434,r685,0.000874189
1435,sf89,0.000196683
1436,r628,0.001067182
1437,i145,0.000465116
1438,sd83,4.31E-05
1439,t389,4.31E-05
1440,cb33,4.31E-05
1441,sg78,4.74E-05
1442,w460,4.31E-05
1443,cb41,4.31E-05
1444,k964,0.00047924
1445,l797,0.000721159
1446,g753,0.000583171
1447,t323,9.62E-05
1448,md56,0.000679254
1449,e690,0.001958839
1450,mb49,0.000627172
1451,f375,0.000161216
1452,sb34,0.000164962
1453,c967,8.47E-05
1454,sb15,7.54E-05
1455,j361,0.00064206
1456,u061,0.001190318
1457,f491,8.33E-05
1458,sc73,0.000964753
1459,ca22,0.000542581
1460,l836,0.00086302
1461,e629,0.000180829
1462,ma38,0.000567777
1463,ca46,4.31E-05
1464,r361,4.31E-05
1465,c546,0.000602279
1466,r513,0.000342513
1467,sf48,0.000372122
1468,bd00,0.000246508
1469,c577,4.98E-05
1470,j365,5.08E-05
1471,d551,0.001110667
1472,z189,0.000770721
1473,d646,0.001290916
1474,v564,0.001786526
1475,sf76,0.001314465
1476,h704,0.000586934
1477,e678,0.000385877
1478,o195,7.36E-05
1479,t333,4.31E-05
1480,me89,0.001878812
1481,j259,0.000102307
1482,w413,0.000530696
1483,m778,0.00088253
1484,mf57,0.000737169
1485,p470,0.000255924
1486,cb65,0.000287109
1487,p552,0.000287109
1488,w312,0.000165088
1489,z166,0.000287109
1490,h836,0.000124414
1491,l580,0.001368047
1492,ga61,4.31E-05
1493,g974,4.31E-05
1494,k194,4.31E-05
1495,p537,4.31E-05
1496,n349,0.00034856
1497,ka04,4.31E-05
1498,d540,4.31E-05
1499,f684,4.31E-05
1500,d363,4.31E-05
1501,se66,0.000997532
1502,sg56,8.55E-05
1503,v298,0.000288747
1504,h693,0.000658986
1505,sg29,4.31E-05
1506,sb37,4.31E-05
1507,l812,7.79E-05
1508,z198,0.000670322
1509,mf06,4.31E-05
1510,sg64,0.001497597
1511,r960,4.31E-05
1512,m919,0.000368734
1513,pb55,4.31E-05
1514,pc11,0.0008674
1515,z184,0.001198067
1516,j200,4.31E-05
1517,e212,7.60E-05
1518,r581,4.31E-05
1519,pb05,4.31E-05
1520,h694,4.31E-05
1521,ra36,4.31E-05
1522,i212,4.31E-05
1523,a494,0.000287109
1524,se84,4.31E-05
1525,c574,4.31E-05
1526,be19,4.31E-05
1527,ca93,0.000197081
1528,l872,0.00049602
1529,r607,0.000166594
1530,p735,6.12E-05
1531,m794,4.86E-05
1532,k826,0.000165088
1533,n552,0.001636378
1534,w421,0.000357123
1535,c944,4.31E-05
1536,c878,4.31E-05
1537,g695,0.000410689
1538,w503,0.001426209
1539,bd06,0.001682279
1540,e243,0.000531151
1541,r640,0.00040913
1542,r772,0.001967624
1543,r709,0.000226098
1544,be81,0.000167009
1545,p713,0.000124414
1546,m984,0.001612838
1547,cc27,4.31E-05
1548,g733,4.31E-05
1549,d871,4.31E-05
1550,ma03,4.31E-05
1551,r790,0.000838189
1552,ga03,4.31E-05
1553,e723,4.31E-05
1554,d468,4.31E-05
1555,g921,4.31E-05
1556,c993,4.31E-05
1557,c663,0.000104077
1558,sb28,0.000326607
1559,k624,0.000534009
1560,r847,4.31E-05
1561,f569,4.31E-05
1562,se07,0.000368456
1563,s483,0.000391131
1564,k719,4.98E-05
1565,g711,4.31E-05
1566,bc65,0.002095523
1567,bc72,0.002222342
1568,sd69,0.000869466
1569,mf04,5.18E-05
1570,z161,4.74E-05
1571,k839,0.001985678
1572,sh37,7.02E-05
1573,t897,0.000307446
1574,t964,0.000287109
1575,g967,0.00139692
1576,v346,0.000144751
1577,n343,4.31E-05
1578,f586,0.00202283
1579,o305,0.001439012
1580,r934,0.000326182
1581,bf83,4.31E-05
1582,d556,0.000346369
1583,c882,0.002077951
1584,g585,0.00143044
1585,k966,0.001111016
1586,me82,0.001317031
1587,o264,0.00108398
1588,l657,4.52E-05
1589,c968,0.000398924
1590,l384,0.000287109
1591,m935,0.000152456
1592,f619,4.31E-05
1593,e669,5.18E-05
1594,h659,4.31E-05
1595,z134,0.000327783
1596,l940,4.31E-05
1597,r646,0.000165088
1598,m975,5.28E-05
1599,e673,0.000361272
1600,r923,6.34E-05
1601,b953,4.31E-05
1602,cb14,0.000589429
1603,b976,4.31E-05
1604,se83,0.000247562
1605,a798,4.31E-05
1606,i178,4.31E-05
1607,e687,0.000810623
1608,k667,0.000162572
1609,k364,0.000104077
1610,n425,0.000165088
1611,sj63,0.001017166
1612,b547,0.000287109
1613,bf96,4.31E-05
1614,si97,4.31E-05
1615,v473,4.31E-05
1616,sh51,4.31E-05
1617,s655,4.31E-05
1618,sc40,0.000297142
1619,t965,0.000293705
1620,si57,0.000445747
1621,ka67,4.31E-05
1622,ca71,6.61E-05
1623,d861,4.31E-05
1624,pb75,4.31E-05
1625,h875,4.31E-05
1626,cb77,4.31E-05
1627,o336,4.31E-05
1628,cc24,4.31E-05
1629,bf01,4.31E-05
1630,c998,4.31E-05
1631,w554,4.31E-05
1632,d876,4.31E-05
1633,t296,0.000272344
1634,c866,6.38E-05
1635,g861,0.000206203
1636,t867,0.000887368
1637,k870,0.000174849
1638,f593,0.000335917
1639,pa15,7.03E-05
1640,bc71,0.000287109
1641,b908,0.001181931
1642,f502,0.000234353
1643,e634,0.000287109
1644,mg96,7.36E-05
1645,mf71,0.000834331
1646,h632,4.31E-05
1647,r931,0.000390616
1648,e688,0.000165088
1649,n491,4.31E-05
1650,pa74,0.000287109
1651,k846,4.31E-05
1652,sa84,4.31E-05
1653,sf84,4.31E-05
1654,bb25,4.31E-05
1655,bg16,4.31E-05
1656,n506,9.19E-05
1657,be77,0.000366468
1658,b741,4.31E-05
1659,n511,0.000287109
1660,g917,0.000165088
1661,mg54,0.000986355
1662,h789,0.000287109
1663,s989,4.31E-05
1664,t974,4.31E-05
1665,mb98,4.31E-05
1666,be03,0.000124414
1667,t353,4.31E-05
1668,f606,4.31E-05
1669,si67,4.31E-05
1670,i186,0.000780937
1671,t957,0.000343638
1672,h624,0.000327368
1673,o269,0.000587987
1674,g385,4.31E-05
1675,pd35,4.31E-05
1676,c864,4.31E-05
1677,n570,4.31E-05
1678,mc18,0.000561824
1679,g450,5.21E-05
1680,w483,0.000514909
1681,d479,0.000160028
1682,g608,5.63E-05
1683,o150,4.31E-05
1684,h500,4.31E-05
1685,mb53,0.001027943
1686,d790,4.31E-05
1687,mb88,0.0003873
1688,f434,0.000292784
1689,bd59,0.00056234
1690,r853,0.000287109
1691,ta21,0.000165088
1692,v510,0.000287109
1693,d727,4.31E-05
1694,l619,4.31E-05
1695,n284,4.31E-05
1696,z185,4.31E-05
1697,k959,5.09E-05
1698,b859,4.31E-05
1699,r542,4.31E-05
1700,t977,4.31E-05
1701,d891,4.31E-05
1702,h843,4.31E-05
1703,sb63,4.31E-05
1704,mb99,0.000165088
1705,sc63,0.00030454
1706,e679,0.000287109
1707,k891,5.37E-05
1708,pb59,5.28E-05
1709,t995,0.000124414
1710,r668,4.31E-05
1711,l879,4.31E-05
1712,h510,4.31E-05
1713,f698,4.31E-05
1714,p529,0.000304718
1715,r750,0.001252781
1716,r511,0.000205761
1717,t310,0.000653137
1718,sh08,0.000531151
1719,bc62,0.00013865
1720,se15,0.000321972
1721,mf09,0.001838243
1722,d893,5.07E-05
1723,j272,4.31E-05
1724,r311,4.31E-05
1725,mb07,4.31E-05
1726,o168,6.53E-05
1727,g866,4.31E-05
1728,sb22,4.31E-05
1729,s893,0.000217529
1730,r601,9.19E-05
1731,z261,4.31E-05
1732,mc42,4.31E-05
1733,bc14,0.000124414
1734,si14,4.31E-05
1735,h788,0.000244062
1736,c786,0.000150518
1737,f536,4.31E-05
1738,o253,6.36E-05
1739,o259,4.31E-05
1740,cc60,0.000287109
1741,pc65,0.000287109
1742,g978,0.000355025
1743,mf40,4.31E-05
1744,d614,4.31E-05
1745,g941,4.31E-05
1746,r775,4.31E-05
1747,sg37,4.31E-05
1748,k583,4.31E-05
1749,sb42,4.31E-05
1750,k925,4.31E-05
1751,g591,4.31E-05
1752,d615,4.31E-05
1753,sh13,4.31E-05
1754,d686,0.000835915
1755,c918,0.00099596
1756,a678,0.001622584
1757,k922,0.000128481
1758,ma12,4.31E-05
1759,f464,8.20E-05
1760,pb27,4.31E-05
1761,w306,4.69E-05
1762,d617,0.00017758
1763,m800,0.000486294
1764,be10,4.31E-05
1765,l801,0.000330941
1766,bb68,0.000287109
1767,k859,4.31E-05
1768,bd20,0.001108422
1769,r518,0.000292784
1770,n430,0.000449137
1771,g880,6.34E-05
1772,g905,0.000287109
1773,x011,0.000159277
1774,f304,4.31E-05
1775,se73,0.00145727
1776,ca82,4.31E-05
1777,l846,4.31E-05
1778,l733,0.000101286
1779,h526,4.31E-05
1780,s760,5.93E-05
1781,g876,4.31E-05
1782,g981,4.31E-05
1783,be69,0.000183344
1784,z183,4.31E-05
1785,l868,4.31E-05
1786,g493,0.000136318
1787,a392,0.000304675
1788,cb04,0.000287109
1789,sg00,0.000165088
1790,c996,0.000368456
1791,i098,4.31E-05
1792,l802,4.31E-05
1793,g647,4.31E-05
1794,ca99,0.001212132
1795,h841,4.31E-05
1796,ma10,4.31E-05
1797,ca61,4.31E-05
1798,e672,4.31E-05
1799,pc43,4.31E-05
1800,w481,9.90E-05
1801,sg66,0.000294081
1802,d684,0.000335917
1803,i230,0.00206857
1804,n433,9.19E-05
1805,sh06,0.000287109
1806,cb88,4.31E-05
1807,cc48,4.31E-05
1808,g706,4.31E-05
1809,w567,4.31E-05
1810,bc35,0.000397208
1811,sc74,4.31E-05
1812,f334,4.31E-05
1813,sg79,0.000296506
1814,r823,0.000311513
1815,g716,0.000531151
1816,bf55,0.000446075
1817,l719,9.19E-05
1818,sk26,4.31E-05
1819,k398,4.31E-05
1820,sg28,4.31E-05
1821,pc36,9.19E-05
1822,v632,4.31E-05
1823,gb11,4.31E-05
1824,mg93,4.31E-05
1825,s913,4.31E-05
1826,v311,0.000356848
1827,y117,0.000287109
1828,m808,0.000287109
1829,j338,0.000325141
1830,c736,0.000327783
1831,k458,4.31E-05
1832,f705,4.31E-05
1833,l988,4.31E-05
1834,e739,4.31E-05
1835,pc95,4.31E-05
1836,l771,4.31E-05
1837,a478,0.000104077
1838,k418,4.31E-05
1839,k401,4.31E-05
1840,o230,4.31E-05
1841,i183,9.87E-05
1842,sj15,0.000656562
1843,pb29,4.31E-05
1844,k926,0.002043168
1845,k407,0.000246435
1846,g642,0.000775194
1847,a706,4.31E-05
1848,ca18,4.31E-05
1849,l762,4.31E-05
1850,se69,0.000500992
1851,k778,4.31E-05
1852,d864,0.001505688
1853,k596,0.001416073
1854,y062,4.31E-05
1855,d908,0.000267074
1856,g985,0.00031284
1857,a824,4.31E-05
1858,f480,0.000287109
1859,r512,4.31E-05
1860,g773,4.31E-05
1861,w480,4.31E-05
1862,md28,4.31E-05
1863,f644,4.31E-05
1864,s896,4.31E-05
1865,p418,4.31E-05
1866,ka74,0.000165088
1867,n561,0.000169781
1868,r984,4.31E-05
1869,v505,0.000310777
1870,g435,0.000104077
1871,k461,5.09E-05
1872,sk02,0.000490478
1873,sf29,4.31E-05
1874,v502,0.000287109
1875,sd46,0.00040913
1876,sd23,0.001170857
1877,ba08,0.00019045
1878,a742,4.31E-05
1879,k745,4.31E-05
1880,a609,4.31E-05
1881,ma63,4.31E-05
1882,k406,0.001261833
1883,a653,4.31E-05
1884,a324,4.31E-05
1885,l513,0.001003925
1886,v377,0.000221654
1887,g980,4.31E-05
1888,g940,0.001011069
1889,ta46,0.000748073
1890,c666,0.000436092
1891,a806,8.37E-05
1892,t971,4.31E-05
1893,pb37,9.48E-05
1894,r814,0.000249524
1895,mi37,4.31E-05
1896,me45,4.31E-05
1897,a539,0.000719665
1898,mi17,4.31E-05
1899,u105,0.000368456
1900,bf76,4.31E-05
1901,l615,4.53E-05
1902,f376,9.53E-05
1903,kb05,0.000817575
1904,be90,0.002010841
1905,be93,0.000325596
1906,ta01,4.31E-05
1907,pd31,0.000818621
1908,me31,0.001594036
1909,j279,4.73E-05
1910,l387,4.31E-05
1911,pb24,0.000168216
1912,v542,4.31E-05
1913,se37,4.31E-05
1914,a732,4.31E-05
1915,cb58,0.00013715
1916,bf72,4.31E-05
1917,v329,7.36E-05
1918,mb60,4.31E-05
1919,sf62,0.002419246
1920,d353,0.000287109
1921,h927,4.31E-05
1922,l709,4.31E-05
1923,cc84,4.31E-05
1924,r835,9.97E-05
1925,mi48,4.31E-05
1926,k834,0.001680144
1927,v495,0.000875945
1928,z262,4.59E-05
1929,pc78,0.001393147
1930,n313,0.000165088
1931,v467,4.31E-05
1932,sb23,4.31E-05
1933,si06,0.000156275
1934,t762,0.000180618
1935,mc66,4.31E-05
1936,n587,4.31E-05
1937,a755,4.31E-05
1938,g952,4.31E-05
1939,l772,5.28E-05
1940,ra21,4.31E-05
1941,h940,0.001765883
1942,sh90,0.00126951
1943,a874,0.000287109
1944,a564,0.000124414
1945,g571,0.000124414
1946,y150,0.000287109
1947,pc39,0.000287109
1948,ca42,4.31E-05
1949,c853,0.000124414
1950,f253,4.31E-05
1951,sa77,4.31E-05
1952,d928,0.000124414
1953,t963,0.000104077
1954,f607,0.000287109
1955,n605,0.000154919
1956,sg16,4.31E-05
1957,j390,4.31E-05
1958,be04,4.31E-05
1959,f719,4.31E-05
1960,v571,0.000348119
1961,pc70,0.000287109
1962,o327,0.000312988
1963,pa07,4.31E-05
1964,p728,0.000314225
1965,l968,4.31E-05
1966,cd13,4.31E-05
1967,pa94,4.31E-05
1968,r843,4.31E-05
1969,l596,4.31E-05
1970,r757,4.31E-05
1971,me17,4.94E-05
1972,d875,0.001079446
1973,p646,0.000161089
1974,d916,0.000264116
1975,j158,4.31E-05
1976,g922,0.000225337
1977,sg13,0.00014417
1978,k668,0.000136274
1979,j398,4.31E-05
1980,sk51,0.000108435
1981,bf89,8.77E-05
1982,m996,4.31E-05
1983,si82,0.000287109
1984,t948,0.000115079
1985,a622,0.001525786
1986,bg52,7.15E-05
1987,c759,4.31E-05
1988,bf60,0.000165088
1989,s938,0.000531151
1990,k980,9.19E-05
1991,bb64,4.31E-05
1992,mh71,4.31E-05
1993,e730,4.31E-05
1994,a938,4.31E-05
1995,p471,0.000136173
1996,ga26,0.000287109
1997,r996,0.000383326
1998,s948,4.31E-05
1999,t281,4.31E-05
2000,i236,0.000242155
2001,pc34,4.31E-05
2002,ra17,0.000633299
2003,r851,0.000349853
2004,d729,0.000423883
2005,l908,0.000612689
2006,w394,8.13E-05
2007,r644,0.000135024
2008,k459,4.57E-05
2009,bd89,4.31E-05
2010,k833,4.31E-05
2011,j397,0.000899363
2012,k945,0.000531151
2013,w442,0.000287109
2014,z125,0.000287109
2015,c938,4.31E-05
2016,g737,4.31E-05
2017,si63,4.31E-05
2018,sj90,4.31E-05
2019,l738,4.31E-05
2020,k905,4.31E-05
2021,r982,4.31E-05
2022,sj04,4.31E-05
2023,k909,0.000104077
2024,a412,0.000199951
2025,la58,4.31E-05
2026,se20,0.000314225
2027,mi41,0.000173222
2028,v379,0.000519126
2029,k771,0.002319665
2030,sg50,4.31E-05
2031,n546,0.000104077
2032,sd16,4.31E-05
2033,pb21,4.31E-05
2034,g672,4.31E-05
2035,bg48,0.000124414
2036,l200,4.31E-05
2037,sg88,0.000349408
2038,o174,0.000231774
2039,b765,4.31E-05
2040,k647,4.31E-05
2041,a620,4.46E-05
2042,v666,4.31E-05
2043,b881,7.36E-05
2044,pc61,4.31E-05
2045,h881,4.31E-05
2046,bf13,4.31E-05
2047,be67,0.001089335
2048,g649,4.31E-05
2049,pd07,0.000937172
2050,bf17,0.000148818
2051,pb23,4.31E-05
2052,r975,0.000591273
2053,e224,0.000712407
2054,w522,0.000308208
2055,l831,0.000287109
2056,mc19,4.31E-05
2057,ma96,0.000170261
2058,k858,4.68E-05
2059,f714,4.31E-05
2060,bf95,4.31E-05
2061,bh64,4.31E-05
2062,b763,4.31E-05
2063,a975,4.31E-05
2064,ka00,0.000887645
2065,a759,0.000108435
2066,md50,4.31E-05
2067,h715,4.31E-05
2068,mh59,0.000104077
2069,g802,0.000287109
2070,v556,4.31E-05
2071,a825,4.31E-05
2072,m867,4.31E-05
2073,w471,0.000497596
2074,mh61,4.73E-05
2075,cc51,4.31E-05
2076,d820,4.31E-05
2077,t982,0.000605741
2078,w462,4.31E-05
2079,h996,0.00201605
2080,f377,0.000289651
2081,mg88,4.31E-05
2082,t885,0.000205761
2083,mi01,0.0007351
2084,sl56,0.000307446
2085,bf25,0.000491119
2086,kb54,0.001501577
2087,v627,5.09E-05
2088,f417,4.31E-05
2089,k384,8.58E-05
2090,d555,4.31E-05
2091,a861,4.31E-05
2092,mh10,4.31E-05
2093,bd82,0.00029563
2094,k872,0.000287109
2095,sh77,6.53E-05
2096,bh94,0.000104077
2097,mj91,4.31E-05
2098,mg55,0.000108285
2099,mg08,0.000625759
2100,l698,4.73E-05
2101,pa46,0.000307446
2102,bh74,4.31E-05
2103,k960,4.31E-05
2104,pb97,4.31E-05
2105,z248,0.000133154
2106,v642,7.02E-05
2107,sg33,0.000202329
2108,g881,4.31E-05
2109,pa97,0.000453916
2110,sm00,4.31E-05
2111,mi62,4.31E-05
2112,ta75,4.31E-05
2113,ra78,4.31E-05
2114,a570,4.31E-05
2115,sl99,4.31E-05
2116,mb94,4.31E-05
2117,mk18,4.31E-05
2118,n642,4.31E-05
2119,be54,0.001746175
2120,f432,0.000113044
2121,ta04,4.31E-05
2122,d752,0.000842218
2123,d763,0.000118007
2124,g899,4.31E-05
2125,pc29,5.87E-05
2126,mi09,4.31E-05
2127,g822,0.000137137
2128,mh30,0.000393555
2129,me05,0.001542791
2130,a366,4.31E-05
2131,r977,0.000379522
2132,k609,0.000293353
2133,h635,0.000417002
2134,a438,0.000185964
2135,sk41,0.000142633
2136,i245,4.31E-05
2137,a741,4.31E-05
2138,j337,4.89E-05
2139,cc07,4.31E-05
2140,n637,0.000287109
2141,o317,0.000124414
2142,ta17,0.000287109
2143,v552,4.31E-05
2144,n583,4.31E-05
2145,la18,4.31E-05
2146,ga90,4.31E-05
2147,d856,4.31E-05
2148,mf90,0.000308038
2149,e764,4.98E-05
2150,lb20,4.31E-05
2151,pc09,0.000287109
2152,f610,4.31E-05
2153,f776,4.31E-05
2154,d844,4.31E-05
2155,a674,0.0001466
2156,cc66,7.51E-05
2157,n348,0.000313256
2158,f392,9.51E-05
2159,ta29,0.000628685
2160,me86,5.66E-05
2161,h830,4.31E-05
2162,r588,0.000168393
2163,v418,4.31E-05
2164,si78,0.000398014
2165,e232,4.31E-05
2166,r805,0.000287109
2167,kb37,4.31E-05
2168,z211,4.57E-05
2169,d873,4.31E-05
2170,b981,4.31E-05
2171,d878,4.31E-05
2172,g900,4.31E-05
2173,e655,7.73E-05
2174,mi75,0.000368456
2175,g935,0.000333317
2176,a630,4.31E-05
2177,w517,4.31E-05
2178,j309,0.000287109
2179,ce28,4.31E-05
2180,w610,4.31E-05
2181,ca28,4.31E-05
2182,ce32,0.000287109
2183,m021,0.00040913
2184,r822,0.000372426
2185,mk39,0.000287109
2186,m181,4.31E-05
2187,si32,4.31E-05
2188,ce33,4.31E-05
2189,pc37,7.36E-05
2190,sk94,0.000554176
2191,si56,9.36E-05
2192,w612,0.000165088
2193,sm14,4.31E-05
2194,sh25,4.31E-05
2195,p693,0.000195593
2196,z245,4.31E-05
2197,bd80,0.000623566
2198,l987,0.002174783
2199,p371,4.31E-05
2200,c706,0.000595544
2201,k889,4.31E-05
2202,mi43,0.001610665
2203,mi11,0.000142316
2204,o410,7.79E-05
2205,be68,0.000835579
2206,la01,4.31E-05
2207,sl28,0.001351709
2208,f454,0.000225663
2209,bi23,0.000607711
2210,mh15,0.000258748
2211,tb19,4.31E-05
2212,e762,4.31E-05
2213,bi29,4.31E-05
2214,gc38,0.000126446
2215,cd30,4.31E-05
2216,k447,5.37E-05
2217,c648,0.000165088
2218,z162,0.000287109
2219,t911,0.000527889
2220,sd20,4.31E-05
2221,bf02,4.31E-05
2222,w521,9.61E-05
2223,sm67,4.31E-05
2224,j239,4.31E-05
2225,g811,4.31E-05
2226,la94,0.000614126
2227,mj82,4.31E-05
2228,l800,4.31E-05
2229,n631,4.31E-05
2230,bf41,4.31E-05
2231,mk36,4.31E-05
2232,ca33,0.001256127
2233,kb92,0.000683194
2234,n563,0.000287109
2235,r532,0.000287109
2236,a961,0.000287109
2237,k902,4.31E-05
2238,a749,4.31E-05
2239,h653,4.31E-05
2240,bb44,4.31E-05
2241,g810,4.31E-05
2242,d874,0.00103342
2243,k767,4.31E-05
2244,s965,4.31E-05
2245,d502,4.31E-05
2246,kb02,7.02E-05
2247,l848,0.000124414
2248,l761,0.000165088
2249,j386,0.00085761
2250,j323,4.31E-05
2251,sm42,4.31E-05
2252,kb62,4.50E-05
2253,v624,5.18E-05
2254,d749,6.34E-05
2255,pd24,0.00017616
2256,cc54,0.000272603
2257,l565,4.31E-05
2258,z246,7.37E-05
2259,a837,0.000455625
2260,sg86,4.31E-05
2261,f733,0.000106701
2262,o388,4.31E-05
2263,kb09,0.001251613
2264,a707,4.31E-05
2265,kb12,0.000287109
2266,pe94,4.31E-05
2267,cd61,0.000543924
2268,e720,4.31E-05
2269,d837,4.31E-05
2270,sl08,6.28E-05
2271,lb19,4.31E-05
2272,g323,4.31E-05
2273,cb76,0.00032365
2274,sj71,0.000368456
2275,d961,0.000165088
2276,pb12,0.000165088
2277,pc54,4.31E-05
2278,g528,4.31E-05
2279,d846,4.31E-05
2280,f794,4.31E-05
2281,sn07,4.31E-05
2282,bi75,4.31E-05
2283,n616,4.31E-05
2284,a703,4.31E-05
2285,mk89,4.31E-05
2286,i255,0.000287109
2287,s902,4.31E-05
2288,s802,4.31E-05
2289,bh00,4.31E-05
2290,rb47,4.31E-05
2291,j473,4.31E-05
2292,ka72,0.000124414
2293,l979,4.31E-05
2294,sf21,4.31E-05
2295,kc69,4.31E-05
2296,bf94,4.31E-05
2297,be64,4.31E-05
2298,bi09,4.31E-05
2299,h523,4.31E-05
2300,be59,4.31E-05
2301,kc68,4.31E-05
2302,sn12,4.31E-05
2303,sa86,0.000287109
2304,j265,4.31E-05
2305,z272,0.000583067
2306,e757,4.54E-05
2307,w571,0.000252242
2308,bh66,0.000305751
2309,k861,0.000370379
2310,la45,0.000495171
2311,f703,0.000104077
2312,k875,4.31E-05
2313,u081,4.31E-05
2314,i241,0.000104077
2315,ka80,9.35E-05
2316,ml14,0.000287109
2317,z254,0.000926772
2318,sc54,0.000104077
2319,l473,4.31E-05
2320,ce76,4.31E-05
2321,z301,7.79E-05
2322,sk13,0.000114245
2323,y178,4.31E-05
2324,r927,0.000104077
2325,v537,4.31E-05
2326,ca60,0.000195593
2327,e780,0.000295244
2328,g462,4.31E-05
2329,sm81,4.31E-05
2330,mi08,0.000553645
2331,r457,4.31E-05
2332,h933,0.000292655
2333,ka43,0.000287109
2334,l951,5.21E-05
2335,bh87,4.71E-05
2336,f634,4.31E-05
2337,cd94,4.31E-05
2338,mk45,4.31E-05
2339,rb23,4.31E-05
2340,mk40,0.000372229
2341,kb95,1.00E-04
2342,j465,5.83E-05
2343,e807,4.31E-05
2344,j267,0.000648686
2345,aa74,4.31E-05
2346,l900,0.00016262
2347,mi55,0.000165088
2348,lb69,0.000361484
2349,d994,0.001264837
2350,ka22,0.000104077
2351,ba79,0.000159713
2352,bh04,4.31E-05
2353,sm09,0.000643789
2354,ra24,0.000165088
2355,c922,0.000287109
2356,sj25,0.000124414
2357,bf23,0.002064683
2358,j378,4.31E-05
2359,pc21,4.31E-05
2360,u135,4.31E-05
2361,sl89,4.59E-05
2362,ta18,4.31E-05
2363,ta47,4.31E-05
2364,lb39,4.31E-05
2365,lb54,4.31E-05
2366,bg23,0.000591186
2367,g892,0.001142479
2368,h808,0.000118159
2369,ml41,4.31E-05
2370,e740,4.31E-05
2371,ka98,0.000346749
2372,k650,0.000133187
2373,sn16,4.31E-05
2374,r844,4.31E-05
2375,sk66,4.31E-05
2376,f706,4.31E-05
2377,d833,0.000323814
2378,v620,0.000836484
2379,a941,0.001077607
2380,d437,4.31E-05
2381,v685,4.31E-05
2382,i229,4.31E-05
2383,h673,5.66E-05
2384,s827,4.31E-05
2385,r373,4.31E-05
2386,a803,4.31E-05
2387,d689,4.31E-05
2388,h879,4.31E-05
2389,sm25,0.000612113
2390,ce46,4.31E-05
2391,bd73,0.000165088
2392,aa17,4.31E-05
2393,r771,4.31E-05
2394,v410,0.000287109
2395,g714,4.31E-05
2396,l785,4.31E-05
2397,ma48,4.31E-05
2398,v475,4.31E-05
2399,l653,0.000368456
2400,cd85,0.000794025
2401,gb53,0.000250442
2402,g983,0.000572534
2403,sf93,6.01E-05
2404,lb51,5.93E-05
2405,d626,4.31E-05
2406,kb43,0.00022084
2407,h997,4.74E-05
2408,z178,0.000287109
2409,sa68,4.31E-05
2410,sh15,4.31E-05
2411,bd42,4.48E-05
2412,f531,4.31E-05
2413,aa61,4.31E-05
2414,sn55,4.31E-05
2415,rb70,4.31E-05
2416,d985,0.000411699
2417,sn54,5.05E-05
2418,cd19,4.31E-05
2419,ba77,0.000204265
2420,mj89,0.000161662
2421,bf45,0.000104315
2422,bf27,0.000723123
2423,f724,0.00117595
2424,f812,4.31E-05
2425,pc33,4.31E-05
2426,mk08,0.00040913
2427,e223,0.000193837
2428,bi50,0.000172265
2429,c893,7.79E-05
2430,i200,0.000376325
2431,sj26,4.31E-05
2432,sk86,4.31E-05
2433,me04,0.000195868
2434,pb69,4.31E-05
2435,t816,0.000325564
2436,bh09,0.002216673
2437,mf35,0.000393023
2438,w579,0.000164888
2439,q945,0.000140536
2440,rb49,0.000186067
2441,rb50,4.31E-05
2442,bd34,0.000287109
2443,bl61,7.46E-05
2444,sm03,5.37E-05
2445,e811,0.000368456
2446,sn92,4.31E-05
2447,f762,0.000287109
2448,z242,4.31E-05
2449,sf11,0.000478358
2450,bj51,0.000287109
2451,k350,4.31E-05
2452,z115,4.31E-05
2453,w562,0.000287109
2454,d463,4.31E-05
2455,rb32,4.31E-05
2456,r852,0.000430434
2457,n670,0.000196539
2458,l913,4.31E-05
2459,kc11,0.000225933
2460,b649,7.64E-05
2461,d934,0.000165088
2462,mh98,0.000359739
2463,l856,6.05E-05
2464,ra38,4.31E-05
2465,bg41,4.31E-05
2466,w617,4.31E-05
2467,kd78,4.31E-05
2468,p443,4.31E-05
2469,f525,0.000670262
2470,v490,0.000804482
2471,c834,0.000626124
2472,j393,6.49E-05
2473,v692,4.31E-05
2474,a633,0.000165088
2475,a829,0.001955941
2476,mb26,6.53E-05
2477,pf52,4.31E-05
2478,sj52,0.000118603
2479,cb97,4.31E-05
2480,cb11,0.000169295
2481,bi17,4.31E-05
2482,kb89,4.31E-05
2483,lb56,4.31E-05
2484,r862,4.31E-05
2485,da53,4.31E-05
2486,w614,6.78E-05
2487,mj56,0.000490235
2488,g764,0.000104077
2489,mf02,4.31E-05
2490,pd87,4.31E-05
2491,da30,4.31E-05
2492,ta22,4.31E-05
2493,kb56,0.000219707
2494,ga71,0.000222013
2495,gb88,0.001355766
2496,r895,0.000295244
2497,d862,4.31E-05
2498,ra62,5.93E-05
2499,pe02,0.000232635
2500,kd19,0.000287109
2501,a663,4.31E-05
2502,v613,8.54E-05
2503,k877,4.31E-05
2504,mj51,4.31E-05
2505,tb69,0.000603342
2506,gb71,4.43E-05
2507,sk47,0.000172873
2508,r762,8.37E-05
2509,p606,4.31E-05
2510,kc44,4.31E-05
2511,sf41,0.000480347
2512,gd27,4.31E-05
2513,sg01,4.31E-05
2514,ra46,4.31E-05
2515,e632,4.31E-05
2516,z344,4.31E-05
2517,ab46,4.31E-05
2518,so59,4.31E-05
2519,lc41,4.31E-05
2520,bc36,0.000204826
2521,f723,4.31E-05
2522,sn32,4.31E-05
2523,rb58,4.31E-05
2524,v628,0.000165088
2525,lb07,0.000548099
2526,sl85,4.31E-05
2527,kb01,4.31E-05
2528,db16,4.31E-05
2529,v731,4.31E-05
2530,ab47,4.31E-05
2531,mk59,4.31E-05
2532,cb87,4.31E-05
2533,mg75,6.05E-05
2534,d923,0.000800218
2535,bi87,4.31E-05
2536,ba01,4.31E-05
2537,bf28,4.31E-05
2538,l953,4.31E-05
2539,gd25,4.31E-05
2540,pf78,4.31E-05
2541,da29,4.31E-05
2542,sf18,4.45E-05
2543,j505,4.31E-05
2544,a679,4.31E-05
2545,bh36,4.31E-05
2546,z334,4.31E-05
2547,cc32,0.000828656
2548,d815,0.000819804
2549,sm88,4.31E-05
2550,la40,4.31E-05
2551,mj08,0.000858452
2552,sn44,4.98E-05
2553,g817,9.42E-05
2554,sm37,0.000643118
2555,la06,4.31E-05
2556,t881,4.31E-05
2557,o376,0.000779554
2558,lb84,0.000710399
2559,a887,0.000373006
2560,d787,0.000293888
2561,t999,0.000417946
2562,bk19,0.000243792
2563,e768,4.31E-05
2564,so70,0.000111472
2565,ce35,4.31E-05
2566,pe42,4.31E-05
2567,f811,0.000678664
2568,kb07,4.31E-05
2569,i201,5.59E-05
2570,n705,4.31E-05
2571,kd45,4.31E-05
2572,l996,0.000131975
2573,ha33,4.31E-05
2574,d750,0.001934308
2575,h984,0.000407538
2576,gb93,0.000666432
2577,r776,4.31E-05
2578,mm66,4.95E-05
2579,ga84,0.000287109
2580,k961,4.31E-05
2581,l899,4.89E-05
2582,o340,0.000192489
2583,ab40,4.31E-05
2584,me56,0.000213361
2585,o411,0.000345545
2586,v763,0.000292916
2587,l837,6.91E-05
2588,f631,4.31E-05
2589,ml51,4.31E-05
2590,mf36,0.000287263
2591,w555,4.31E-05
2592,l950,0.000625744
2593,f473,4.31E-05
2594,l720,4.31E-05
2595,k803,4.31E-05
2596,bh02,0.000220974
2597,db28,4.31E-05
2598,sp26,4.31E-05
2599,bb97,4.31E-05
2600,sp25,0.000297277
2601,j500,4.31E-05
2602,o459,9.80E-05
2603,sk85,4.31E-05
2604,n708,4.31E-05
2605,kd77,4.31E-05
2606,n365,4.31E-05
2607,se05,4.31E-05
2608,bf82,4.31E-05
2609,d718,4.31E-05
2610,mn13,0.000359681
2611,sn72,0.000124414
2612,tc25,0.000165088
2613,sm74,0.000287109
2614,si72,9.54E-05
2615,kb14,0.000951124
2616,kd25,4.31E-05
2617,g934,4.31E-05
2618,si16,4.31E-05
2619,aa23,4.31E-05
2620,g868,4.31E-05
2621,h965,4.31E-05
2622,l949,0.002359515
2623,a517,0.000287109
2624,sj01,0.000165088
2625,pd83,0.000165088
2626,mm05,4.31E-05
2627,e736,4.31E-05
2628,hb17,4.31E-05
2629,rb04,4.31E-05
2630,mn22,4.31E-05
2631,k707,4.31E-05
2632,tb84,6.75E-05
2633,p708,4.31E-05
2634,s823,4.31E-05
2635,y131,4.31E-05
2636,gc88,0.0001348
2637,da89,0.000497872
2638,pf00,0.000290319
2639,f727,7.79E-05
2640,u133,0.000124414
2641,ge22,4.31E-05
2642,m999,4.31E-05
2643,a931,4.31E-05
2644,pc76,4.31E-05
2645,a584,0.000239462
2646,gb61,0.000121915
2647,gd73,5.93E-05
2648,t984,0.000627732
2649,gb30,6.05E-05
2650,bh76,5.94E-05
2651,n663,0.000419741
2652,sd97,4.31E-05
2653,e806,4.31E-05
2654,db59,0.000423352
2655,d935,0.000287109
2656,o455,4.31E-05
2657,ab85,4.31E-05
2658,h896,9.11E-05
2659,hb05,0.000180358
2660,pf84,4.31E-05
2661,ha50,4.31E-05
2662,cg49,0.000287109
2663,w488,4.31E-05
2664,k918,0.00021936
2665,pb31,4.31E-05
2666,tc13,0.000287109
2667,ga02,4.31E-05
2668,mj10,4.31E-05
2669,bj43,4.31E-05
2670,cf52,4.31E-05
2671,pe84,4.31E-05
2672,sp64,4.31E-05
2673,db79,4.31E-05
2674,mj03,4.31E-05
2675,gc44,4.31E-05
2676,z355,0.000896111
2677,sb92,4.31E-05
2678,be83,4.31E-05
2679,lc11,0.000424167
2680,g826,4.31E-05
2681,so02,9.19E-05
2682,pg74,7.79E-05
2683,tb70,4.31E-05
2684,sm18,4.31E-05
2685,pf14,9.19E-05
2686,w687,4.31E-05
2687,mf45,4.31E-05
2688,ab68,0.000287109
2689,f808,4.31E-05
2690,u134,0.00092888
2691,rb17,6.53E-05
2692,sm05,0.000124414
2693,i151,4.31E-05
2694,bd83,0.00027289
2695,kb26,4.31E-05
2696,bi53,0.000362267
2697,s932,4.31E-05
2698,kd87,0.000154919
2699,a789,0.00035416
2700,ab17,0.000296816
2701,v784,0.000287109
2702,pe39,4.31E-05
2703,sj55,0.000809886
2704,bi81,0.000609194
2705,f787,4.31E-05
2706,ga94,6.75E-05
2707,n480,0.000368456
2708,e832,4.31E-05
2709,rb56,0.000233366
2710,ac23,4.31E-05
2711,z367,4.31E-05
2712,bj28,7.36E-05
2713,bh98,0.000698397
2714,v708,0.000453872
2715,hb29,5.21E-05
2716,ke17,0.000227587
2717,mm20,4.31E-05
2718,pd44,0.000287109
2719,mn36,4.31E-05
2720,h723,4.31E-05
2721,ml71,5.25E-05
2722,v682,4.31E-05
2723,l784,0.00018606
2724,a380,7.79E-05
2725,n674,0.000411303
2726,ga48,0.000370608
2727,e708,4.31E-05
2728,kb42,4.31E-05
2729,tb79,4.31E-05
2730,v790,4.31E-05
2731,o370,4.31E-05
2732,n632,4.31E-05
2733,d868,4.31E-05
2734,kc86,6.23E-05
2735,da01,4.31E-05
2736,cc21,4.31E-05
2737,a930,4.31E-05
2738,a563,4.31E-05
2739,bk23,4.31E-05
2740,sa59,4.31E-05
2741,cg73,4.31E-05
2742,ab52,4.31E-05
2743,n607,4.31E-05
2744,n738,0.000124414
2745,n695,4.31E-05
2746,z298,4.31E-05
2747,c945,4.31E-05
2748,c510,4.31E-05
2749,sh91,0.000218476
2750,rb60,0.00018386
2751,cf59,0.000618046
2752,gc52,0.000124414
2753,da13,6.21E-05
2754,k906,0.000368456
2755,k941,4.31E-05
2756,mn92,4.31E-05
2757,ab64,4.31E-05
2758,l941,0.000155293
2759,j513,0.000104077
2760,rb29,4.31E-05
2761,sl51,4.31E-05
2762,db44,4.31E-05
2763,c990,4.31E-05
2764,kd70,0.000809491
2765,sl50,4.31E-05
2766,mg47,0.000478645
2767,la93,0.000366788
2768,bl53,4.31E-05
2769,so36,4.31E-05
2770,bl05,4.31E-05
2771,lc50,4.31E-05
2772,rd02,4.31E-05
2773,cg97,4.31E-05
2774,rc04,0.000470141
2775,c879,4.31E-05
2776,kd34,4.31E-05
2777,p104,4.31E-05
2778,so57,4.42E-05
2779,pf64,4.31E-05
2780,cf01,0.001808362
2781,f693,4.60E-05
2782,o432,4.31E-05
2783,w677,4.31E-05
2784,pe29,4.31E-05
2785,cg33,0.000396044
2786,pe69,4.31E-05
2787,d960,4.31E-05
2788,w700,4.31E-05
2789,o474,4.31E-05
2790,e831,0.000283075
2791,bk05,6.06E-05
2792,ab12,0.000848998
2793,ab11,4.31E-05
2794,tb42,0.000287109
2795,k528,4.31E-05
2796,pd04,4.31E-05
2797,bj56,4.31E-05
2798,bi15,4.31E-05
2799,mo19,4.31E-05
2800,sq14,0.000531151
2801,j400,4.31E-05
2802,w633,4.31E-05
2803,mi74,4.31E-05
2804,o503,4.31E-05
2805,gd39,4.31E-05
2806,t868,0.00012264
2807,mf54,5.05E-05
2808,so56,0.000104077
2809,cb67,4.31E-05
2810,bd97,4.31E-05
2811,kc50,4.31E-05
2812,sm16,4.31E-05
2813,mj69,0.000124414
2814,t997,4.31E-05
2815,pe00,4.31E-05
2816,mo24,4.31E-05
2817,o420,9.19E-05
2818,cb51,4.31E-05
2819,i339,4.31E-05
2820,e865,7.35E-05
2821,sg54,9.39E-05
2822,sq55,4.31E-05
2823,sq54,4.31E-05
2824,v656,4.31E-05
2825,j206,4.31E-05
2826,bk34,4.31E-05
2827,v715,4.31E-05
2828,d735,4.31E-05
2829,bj78,4.31E-05
2830,da02,0.000673509
2831,se48,4.31E-05
2832,mg84,0.000323614
2833,d716,9.68E-05
2834,sl09,4.31E-05
2835,pb66,4.31E-05
2836,db49,4.31E-05
2837,pf65,9.32E-05
2838,rc86,0.000287109
2839,hb81,4.31E-05
2840,pe64,4.31E-05
2841,kc12,0.000121969
2842,mf78,0.000165088
2843,c775,0.000311188
2844,ha47,4.31E-05
2845,n718,4.31E-05
2846,mk43,4.31E-05
2847,sj22,4.31E-05
2848,sq86,9.19E-05
2849,g499,4.31E-05
2850,bj37,4.31E-05
2851,v765,4.31E-05
2852,f620,0.00033553
2853,gf33,4.31E-05
2854,u107,0.000165088
2855,gc89,0.000176332
2856,a967,4.31E-05
2857,z349,0.000292193
2858,si83,4.31E-05
2859,kc56,0.000578478
2860,gf24,4.31E-05
2861,i326,0.000124414
2862,w723,0.000289195
2863,kb80,0.000287109
2864,bj57,4.31E-05
2865,pd26,4.31E-05
2866,tc72,4.31E-05
2867,ke43,0.000287109
2868,rd41,4.31E-05
2869,sn90,0.000124414
2870,ml47,4.31E-05
2871,w722,4.31E-05
2872,u120,4.31E-05
2873,sl92,6.96E-05
2874,z371,0.000208159
2875,g820,4.31E-05
2876,la08,4.31E-05
2877,n503,0.000515023
2878,v850,0.000333884
2879,e857,0.000531151
2880,mj01,0.000380013
2881,mm78,0.000531151
2882,y218,0.000380773
2883,g813,4.31E-05
2884,sq33,4.31E-05
2885,sr13,4.31E-05
2886,td04,4.31E-05
2887,ch59,4.31E-05
2888,w721,4.31E-05
2889,bf12,0.000287109
2890,mo55,0.000127459
2891,h963,4.31E-05
2892,v824,0.000165088
2893,mh48,6.34E-05
2894,me64,0.0003903
2895,rb86,8.37E-05
2896,kd43,4.31E-05
2897,aa60,4.31E-05
2898,v619,4.31E-05
2899,ac41,4.31E-05
2900,n771,0.000227493
2901,mp16,4.31E-05
2902,bb10,4.31E-05
2903,ac76,4.75E-05
2904,e804,4.31E-05
2905,tc61,9.62E-05
2906,pc96,0.000128851
2907,pf39,0.000870349
2908,ge73,4.31E-05
2909,kd46,0.000930655
2910,a787,0.000124414
2911,mk26,5.79E-05
2912,w597,4.31E-05
2913,pf36,4.31E-05
2914,ra15,0.00012238
2915,j347,0.000135864
2916,gd64,0.00035166
2917,j551,0.000315406
2918,mm24,0.000287109
2919,cg80,0.000275684
2920,kd14,0.000378246
2921,mp22,0.000287109
2922,v855,4.31E-05
2923,j380,0.000397365
2924,bf34,4.31E-05
2925,ta12,0.000176681
2926,gd91,4.31E-05
2927,cd00,0.00012238
2928,ge61,0.000287109
2929,r736,0.000165088
2930,bc76,0.000327783
2931,hb41,4.31E-05
2932,rc46,4.31E-05
2933,bm19,0.000287109
2934,n732,0.000579856
2935,e654,4.31E-05
2936,ke46,4.31E-05
2937,tb98,4.31E-05
2938,aa78,4.31E-05
2939,sr48,4.31E-05
2940,w654,4.31E-05
2941,ph52,4.31E-05
2942,td06,4.31E-05
2943,ch82,4.31E-05
2944,aa81,4.53E-05
2945,tc09,4.31E-05
2946,cg40,4.31E-05
2947,bg08,9.19E-05
2948,kd88,4.31E-05
2949,da17,4.31E-05
2950,me29,4.31E-05
2951,ch84,0.000124414
2952,gd84,0.000322919
2953,ph48,4.31E-05
2954,bg63,5.55E-05
2955,bb20,4.31E-05
2956,d981,0.000357725
2957,kc04,0.000899521
2958,hb64,0.000126166
2959,tc95,9.95E-05
2960,hb48,0.000229924
2961,bj05,0.000348119
2962,j553,6.72E-05
2963,mn44,4.31E-05
2964,kc41,4.31E-05
2965,z357,0.000124414
2966,i329,4.31E-05
2967,gc49,4.31E-05
2968,cg82,4.31E-05
2969,sm22,4.31E-05
2970,bg06,4.31E-05
2971,tb90,4.31E-05
2972,sr71,8.37E-05
2973,f663,4.31E-05
2974,hb89,0.000124414
2975,gc36,0.000124414
2976,w739,0.000189492
2977,bm15,4.31E-05
2978,ke81,4.31E-05
2979,ml07,4.31E-05
2980,j507,4.31E-05
2981,mp51,4.31E-05
2982,ke64,8.94E-05
2983,dc58,0.000649477
2984,st27,4.31E-05
2985,hc18,0.000124414
2986,kc55,4.31E-05
2987,sf55,4.31E-05
2988,mn03,4.31E-05
2989,q938,4.31E-05
2990,w803,4.31E-05
2991,e861,4.31E-05
2992,ga36,0.000476072
2993,si36,0.000301464
2994,r748,4.31E-05
2995,mj88,4.31E-05
2996,a853,0.000336998
2997,ga46,0.000124414
2998,rb11,4.31E-05
2999,rc33,0.000287109
3000,z381,4.31E-05
3001,ge33,0.000289733
3002,mj62,4.31E-05
3003,bj44,4.31E-05
3004,ph36,4.31E-05
3005,rb77,4.31E-05
3006,la54,0.000374292
3007,pg91,0.000165088
3008,sk30,0.000165088
3009,me70,0.000124414
3010,r408,0.000165088
3011,kc74,4.31E-05
3012,f823,4.31E-05
3013,mf30,0.000287109
3014,h986,0.000165088
3015,db69,0.000104077
3016,z270,0.000165088
3017,z316,4.31E-05
3018,sp80,0.000104077
3019,ae03,4.31E-05
3020,sr66,4.31E-05
3021,g925,0.000303378
3022,ga79,0.000589879
3023,v931,4.31E-05
3024,w711,4.31E-05
3025,hd64,4.31E-05
3026,mp62,4.31E-05
3027,mk66,5.11E-05
3028,bk85,4.31E-05
3029,gd92,4.31E-05
3030,lc37,4.98E-05
3031,cc57,4.31E-05
3032,le79,4.31E-05
3033,kg27,4.31E-05
3034,ac84,5.00E-05
3035,pc68,0.000210412
3036,bp44,4.31E-05
3037,rc96,0.000688223
3038,mi73,4.31E-05
3039,pg77,4.31E-05
3040,ke29,0.000266069
3041,sq56,0.000287109
3042,v820,0.000287109
3043,ce98,0.000470141
3044,i295,0.000368456
3045,pf03,6.53E-05
3046,de34,4.31E-05
3047,ka69,4.31E-05
3048,i067,0.000297719
3049,mm84,4.31E-05
3050,z103,4.31E-05
3051,mn41,4.31E-05
3052,kb47,4.31E-05
3053,rd32,4.31E-05
3054,db63,0.000147303
3055,j452,4.31E-05
3056,ha89,0.000104077
3057,bk41,0.000287109
3058,i351,4.31E-05
3059,w664,4.31E-05
3060,ch27,0.000172171
3061,n652,4.89E-05
3062,z307,8.37E-05
3063,z425,4.31E-05
3064,sg95,0.000165088
3065,ka18,4.31E-05
3066,o427,0.000213896
3067,z394,4.31E-05
3068,w741,0.000287109
3069,lc90,4.49E-05
3070,cf05,4.31E-05
3071,j321,0.000159277
3072,v883,0.000124414
3073,v717,0.000238215
3074,mm58,0.000377614
3075,re44,0.000389528
3076,sl22,4.31E-05
3077,pj17,4.31E-05
3078,lb66,0.000838344
3079,pf69,4.31E-05
3080,la50,0.000165088
3081,j401,0.000287109
3082,pg58,4.31E-05
3083,pj75,4.31E-05
3084,sp39,4.31E-05
3085,e923,4.31E-05
3086,h790,4.31E-05
3087,cg67,4.31E-05
3088,pf81,4.31E-05
3089,ca62,5.74E-05
3090,w630,0.00030061
3091,mp13,0.000297277
3092,n897,4.31E-05
3093,ha95,4.31E-05
3094,da81,0.00090355
3095,ac95,4.31E-05
3096,sr15,4.31E-05
3097,ad00,4.31E-05
3098,ac98,4.31E-05
3099,pl36,0.000124414
3100,cg94,0.000164285
3101,kg53,4.31E-05
3102,mo07,4.31E-05
3103,bm00,4.31E-05
3104,ra51,0.000316084
3105,gb13,0.000148395
3106,pg94,5.74E-05
3107,ha03,0.000165088
3108,sq80,4.87E-05
3109,mm79,7.79E-05
3110,lc12,0.000331737
3111,cb36,4.31E-05
3112,j620,7.02E-05
3113,bf98,4.31E-05
3114,f859,4.31E-05
3115,bj76,4.31E-05
3116,v834,4.31E-05
3117,f759,4.31E-05
3118,rd06,4.31E-05
3119,ge56,4.31E-05
3120,mu90,4.31E-05
3121,n679,8.62E-05
3122,q948,5.37E-05
3123,se78,7.16E-05
3124,ce25,4.39E-05
3125,sk06,4.44E-05
3126,da31,0.000287109
3127,ga72,4.82E-05
3128,cm74,4.31E-05
3129,db51,4.31E-05
3130,o409,4.31E-05
3131,sl94,9.19E-05
3132,e701,0.000301464
3133,pl42,4.31E-05
3134,kf85,0.000165088
3135,o521,4.31E-05
3136,wa96,4.31E-05
3137,w679,4.31E-05
3138,z363,4.31E-05
3139,h917,4.31E-05
3140,tb05,8.37E-05
3141,w640,0.000287109
3142,e728,4.31E-05
3143,cd39,4.31E-05
3144,d915,4.31E-05
3145,d946,4.31E-05
3146,j552,4.31E-05
3147,pj31,4.31E-05
3148,bk56,4.31E-05
3149,ad56,0.000287109
3150,gh64,4.31E-05
3151,pj10,4.31E-05
3152,sp07,4.31E-05
3153,o484,4.31E-05
3154,va15,0.000124414
3155,v758,0.000558267
3156,pc63,4.31E-05
3157,le13,4.31E-05
3158,da67,0.000514364
3159,pj32,4.31E-05
3160,n838,4.31E-05
3161,su09,4.31E-05
3162,mj71,0.000179443
3163,w655,4.31E-05
3164,bm43,0.000115872
3165,o481,6.34E-05
3166,sj97,4.31E-05
3167,j523,4.31E-05
3168,gd13,8.37E-05
3169,mn74,0.000124414
3170,ce81,4.31E-05
3171,si74,6.53E-05
3172,y268,6.60E-05
3173,sx81,0.000317614
3174,hb55,4.31E-05
3175,lg87,4.31E-05
3176,i164,4.31E-05
3177,ch12,0.00010001
3178,l993,4.31E-05
3179,sk69,4.31E-05
3180,mv58,4.31E-05
3181,bt69,4.31E-05
3182,cg92,7.36E-05
3183,tc38,4.31E-05
3184,ac74,4.31E-05
3185,z264,4.31E-05
3186,la43,4.31E-05
3187,ea16,4.31E-05
3188,mp33,0.000287109
3189,n688,4.31E-05
3190,mn08,4.31E-05
3191,rd34,4.31E-05
3192,rc77,4.31E-05
3193,mj98,0.000398962
3194,sq48,6.11E-05
3195,o558,4.89E-05
3196,td51,0.000226782
3197,ld81,4.31E-05
3198,z239,5.37E-05
3199,ke04,4.70E-05
3200,a725,4.31E-05
3201,v829,4.31E-05
3202,a704,6.34E-05
3203,rc83,4.31E-05
3204,ph42,0.000294287
3205,w804,4.31E-05
3206,ch35,4.31E-05
3207,ta30,4.31E-05
3208,cj68,4.31E-05
3209,bk52,4.31E-05
3210,e928,4.31E-05
3211,ad49,4.41E-05
3212,so47,4.31E-05
3213,sp24,0.00017299
3214,v854,4.31E-05
3215,va19,4.31E-05
3216,ml83,4.31E-05
3217,hb56,0.000287109
3218,va16,4.31E-05
3219,db22,4.31E-05
3220,ki17,4.31E-05
3221,e873,0.000377053
3222,fb98,0.000436962
3223,mw02,0.000124414
3224,bk24,7.96E-05
3225,bh22,4.31E-05
3226,wa93,4.31E-05
3227,su23,4.31E-05
3228,n598,0.000449128
3229,ki34,4.31E-05
3230,mk29,0.000287109
3231,ca44,4.31E-05
3232,mg39,4.31E-05
3233,tg30,5.93E-05
3234,z413,4.31E-05
3235,q949,0.000287109
3236,z377,4.31E-05
3237,hb59,4.31E-05
3238,z412,4.31E-05
3239,ge09,4.31E-05
3240,ld35,4.31E-05
3241,w609,4.31E-05
3242,tf58,4.31E-05
3243,n707,4.31E-05
3244,cg42,4.31E-05
3245,sk97,0.000206856
3246,bk92,0.000127473
3247,g944,4.31E-05
3248,sm71,5.04E-05
3249,rg95,4.31E-05
3250,mu91,4.31E-05
3251,mp87,4.31E-05
3252,sm23,4.31E-05
3253,kh77,4.31E-05
3254,ph19,4.31E-05
3255,sl55,4.31E-05
3256,y195,4.31E-05
3257,sy58,4.31E-05
3258,o483,4.31E-05
3259,pg32,0.000221312
3260,li11,4.31E-05
3261,bu54,4.90E-05
3262,f747,4.31E-05
3263,e661,4.31E-05
3264,e702,4.31E-05
3265,bh51,4.31E-05
3266,mf95,4.31E-05
3267,bm45,4.31E-05
3268,mp01,0.000103737
3269,n555,0.000204406
3270,wb27,4.31E-05
3271,dh18,4.31E-05
3272,so20,4.31E-05
3273,le38,4.31E-05
3274,n532,8.37E-05
3275,sk48,4.31E-05
3276,cc98,4.31E-05
3277,kc29,8.88E-05
3278,i286,4.31E-05
3279,da23,4.31E-05
3280,cf23,4.31E-05
3281,pg13,4.31E-05
3282,t961,4.31E-05
3283,n714,4.31E-05
3284,f916,4.31E-05
3285,fa48,4.31E-05
3286,aa72,4.31E-05
3287,bk68,0.000287109
3288,da44,4.31E-05
3289,f858,4.31E-05
3290,cg07,4.31E-05
3291,rb31,4.31E-05
3292,pf13,4.31E-05
3293,mm32,4.31E-05
3294,i335,4.31E-05
3295,kf15,4.31E-05
3296,cg04,0.000502045
3297,pg69,7.79E-05
3298,bl58,4.31E-05
3299,w586,4.56E-05
3300,j399,4.31E-05
3301,hb35,4.31E-05
3302,da59,4.31E-05
3303,tc02,4.31E-05
3304,cn78,4.31E-05
3305,mu94,0.000158595
3306,gj62,4.31E-05
3307,a943,0.000127803
3308,cf25,5.93E-05
3309,ab90,5.15E-05
3310,t929,0.000287109
3311,dc51,7.79E-05
3312,mg99,0.000287109
3313,af66,4.31E-05
3314,lh91,4.31E-05
3315,af67,4.31E-05
3316,sv55,4.31E-05
3317,i306,4.31E-05
3318,y193,0.000104077
3319,y180,4.31E-05
3320,ch05,4.31E-05
3321,a764,4.31E-05
3322,ad04,4.31E-05
3323,mn23,4.31E-05
3324,kc33,4.31E-05
3325,ac01,0.000287109
3326,wb25,5.18E-05
3327,bo09,4.31E-05
3328,hb31,4.31E-05
3329,pl38,4.31E-05
3330,ml57,4.59E-05
3331,ki75,4.31E-05
3332,o482,4.31E-05
3333,o403,4.31E-05
3334,dc07,4.31E-05
3335,so25,0.000124414
3336,sm38,4.31E-05
3337,sl07,0.000670404
3338,k957,4.31E-05
3339,sr55,4.31E-05
3340,hh48,4.31E-05
3341,j439,4.31E-05
3342,mw54,4.79E-05
3343,ad41,4.31E-05
3344,so86,4.31E-05
3345,te33,4.31E-05
3346,ge03,4.31E-05
3347,mq09,4.31E-05
3348,lb62,4.31E-05
3349,gb42,0.000206782
3350,gb41,0.000311513
3351,pm54,4.31E-05
3352,mu08,4.31E-05
3353,be44,4.31E-05
3354,f640,4.31E-05
3355,mm46,4.31E-05
3356,ea25,4.31E-05
3357,ea23,4.31E-05
3358,sn04,0.000165088
3359,z395,4.31E-05
3360,ld05,4.31E-05
3361,sy75,4.31E-05
3362,bd91,4.31E-05
3363,b09a,7.02E-05
3364,sp05,5.47E-05
3365,pl56,0.000406512
3366,df98,4.31E-05
3367,o522,0.000117258
3368,lc58,0.000124414
3369,mn20,7.36E-05
3370,hc99,7.02E-05
3371,lb25,4.31E-05
3372,v635,4.31E-05
3373,j525,4.31E-05
3374,ml73,0.000287109
3375,te23,4.31E-05
3376,s09l,4.31E-05
3377,b09m,4.31E-05
3378,gb76,4.31E-05
3379,sk67,0.000249299
3380,d917,4.52E-05
3381,j557,4.31E-05
3382,gc03,0.000104077
3383,td47,0.000201268
3384,ki71,4.31E-05
3385,pd10,4.31E-05
3386,kg28,4.31E-05
3387,sr80,4.31E-05
3388,o675,4.31E-05
3389,ke19,4.31E-05
3390,k09s,4.31E-05
3391,cm88,4.31E-05
3392,k863,4.31E-05
3393,lb90,4.31E-05
3394,i277,4.31E-05
3395,bf49,4.31E-05
3396,ha90,4.31E-05
3397,sx90,0.000165088
3398,rd46,4.31E-05
3399,x014,0.000124414
3400,le01,6.99E-05
3401,cm82,4.31E-05
3402,w613,4.31E-05
3403,d09v,4.31E-05
3404,ha28,6.75E-05
3405,z419,5.37E-05
3406,e876,4.31E-05
3407,be95,4.31E-05
3408,bp41,4.31E-05
3409,te16,0.000287109
3410,ge28,4.31E-05
3411,ki74,4.31E-05
3412,cn08,4.31E-05
3413,mo44,4.31E-05
3414,ad23,0.000115682
3415,ac39,4.31E-05
3416,v832,4.42E-05
3417,e09o,4.31E-05
3418,f807,4.31E-05
3419,dh58,4.31E-05
3420,pg20,0.000130366
3421,q941,5.28E-05
3422,li39,4.31E-05
3423,gj37,4.31E-05
3424,v942,0.000165088
3425,tb55,4.31E-05
3426,lh74,4.31E-05
3427,lf26,4.31E-05
3428,gc87,4.31E-05
3429,h938,4.31E-05
3430,z407,4.31E-05
3431,dd50,4.31E-05
3432,rh16,4.31E-05
3433,w933,4.31E-05
3434,af32,4.31E-05
3435,v531,4.31E-05
3436,bl78,4.31E-05
3437,lf29,4.31E-05
3438,r882,4.31E-05
3439,su87,4.31E-05
3440,gb94,4.31E-05
3441,va08,4.31E-05
3442,n830,7.79E-05
3443,df92,4.31E-05
3444,dc76,4.31E-05
3445,sy31,4.31E-05
3446,ci14,4.31E-05
3447,gd08,4.31E-05
3448,i305,9.79E-05
3449,tc11,4.73E-05
3450,gc54,0.000165088
3451,bh08,4.31E-05
3452,m0bn,4.31E-05
3453,s0cd,4.31E-05
3454,su55,4.85E-05
3455,d0au,4.31E-05
3456,bv27,4.31E-05
3457,v0ad,4.31E-05
3458,li16,4.31E-05
3459,l0ao,4.31E-05
3460,sx96,4.31E-05
3461,ag37,4.31E-05
3462,c672,4.31E-05
3463,rc92,4.31E-05
3464,b0by,4.31E-05
3465,ch73,4.42E-05
3466,u149,4.31E-05
3467,ra82,0.000287109
3468,da86,5.15E-05
3469,kd35,4.31E-05
3470,k0a4,4.31E-05
3471,a0ab,4.31E-05
3472,d808,4.31E-05
3473,ke61,4.31E-05
3474,kf17,4.31E-05
3475,z368,4.31E-05
3476,bg32,4.31E-05
3477,wb08,4.31E-05
3478,mh16,5.74E-05
3479,bu13,4.31E-05
3480,sn77,4.31E-05
3481,te51,4.45E-05
3482,o513,4.64E-05
,,
